outcome_type,fold,company,year,conference,pair_id,answered,y_true,y_pred,y_proba,threshold_used,question,answer,idx
TP,2,VZ,2021,Q1,pair_11,no,1,1,0.31866209243010485,0.26000000000000006,"What the moving parts are kind of dragging down some of those bigger, higher by popping numbers and kind of, is this kind of a one year level set over a depressed 2020, and we're going to return to some kind of more quote unquote, normal revenue growth pattern in 2022. Thanks. Yeah.","I think everything we said from the beginning is holding through. The process is continuing as expected. And as I said, this is the second half of 2021 event when this is going to be approved. So it's a progression as expected. We don't believe it's going to be earlier. We think it's going to be somewhere in the third quarter, which we said also when we announced this. So we will give an update when we know more. But it's a couple of different events still there. But again, it's progressing as we expected from the beginning.",16298
TP,5,EXR,2024,Q3,pair_3,no,1,1,0.2838772398656705,0.26000000000000006,"And then just on the guidance for LSI, I was a little bit confused about the commentary and the preparatory remarks. You said that seasonality, correct me if I'm wrong, I thought was better than expected, but yet guidance was cut with lower pricing powers. I was just hoping you could help square those two kind of different comments that you made previously.","Yeah, so LSI, I mean, has not performed as expected this year, right? We've cut revenue guidance now twice for those stores. And really three things have contributed to that. One is that the markets in 2024 is weaker than we projected in the beginning of the year. That just is. And then secondly, the markets that LSI has disproportionate concentration have performed disproportionately weaker. So think of Florida where LSI has a larger concentration than extra space proportionately. And then the third thing is we didn't get the benefit of the dual brand that we expected. And that's why we made the decision this summer to move to the single brand and get the, hope to get the expected benefit from that. So to me, those are the three largest factors that led to us having to reduce revenue guidance for LSI.",17150
TP,5,TDG,2019,Q3,pair_18,no,1,1,0.5124023956118643,0.26000000000000006,Okay. That's helpful.,Sure.,775
TP,4,SYY,2022,Q3,pair_4,no,1,1,0.27204681349835413,0.26000000000000006,"Appreciate the call there. And next one, just very quickly, what is your current expectation for product cost inflation over the next year?","Thanks. Appreciate the question. It's fair to say that for Q4, the period in which we provided the guidance, we expect continued elevated inflation, although perhaps starting to come down as we approach the end of the year. We're not today going to provide guidance in any respect with respect to the future year. That will come during our Q4 earnings call in a couple of months. Great. Thank you.",14122
TP,5,TRGP,2020,Q1,pair_1,no,1,1,0.35706194931950547,0.26000000000000006,"Good morning. Thank you for all the color. I just wanted to maybe touch upon the conversations that you're having with producers. Can you just give us some more color on what those conversations are like? And also recognizing that you have some large customers that are public, would also be curious as to how the conversations with the smaller and private guys are going.","You know, I'd say really and just when – The management team here is talking to each one of our different leaders of the business segment. It really just more varies producer by producer. I don't know if I could aggregate that the publics are doing one thing versus the privates. I mean, there's significant variability across system, across region. You know, some producers have acreage positions in multiple basins and how they're acting in one basin versus another versus a producer who might be acting one way because their production is all in one basin. can be very different even amongst the same basin. So I think it varies more unique to their acreage position and their economic situation as opposed to whether they're, you know, the publics or the privates or small or large.",9822
TP,1,TTWO,2022,Q1,pair_20,no,1,1,0.3759373782561865,0.26000000000000006,"NBA, you know, obviously college basketball would be pretty sweet, I think, too, just sort of, I guess, expansion opportunities for your game portfolio or working with athletes maybe for marketing or games. I'm not sure.","I'm not sure how to answer it, and so I'm going to be judicious and probably not going to answer it. I will note that we were in business many years ago with the NCAA, and we no longer are, and we're always looking for opportunities to grow our business and our sports business.",29263
TP,5,CTRA,2023,Q1,pair_7,no,1,1,0.2841238123745525,0.26000000000000006,Are you talking about potentially doubling the inventory or is it a modest increase?,"No, that inventory is really with our current acreage footprint. We are back to leasing in Marcellus and filling in that acreage footprint, and our team in Pittsburgh has done a really nice job of that. But that is with our current model of spacing with our current acreage. So that's the number.",15912
TP,1,DHI,2023,Q2,pair_5,no,1,1,0.3642421424137202,0.26000000000000006,"Hi, everybody. Good morning. Thanks for the time. In the last couple of quarters, there's been sort of a mixed bag in terms of geographic performance for builders with the southeast Texas doing pretty good and the west weak. I'm curious in one quarter, and I know we're going to see some of this information when you guys put this stuff up on the site, but was there any sort of significant recovery in some of the markets that have been weaker, David, in the first quarter, especially in the West, in terms of orders?","Most of our pickup really was absorption versus community count. Our overall community count was only up 3% sequentially. We saw three of our regions up Better than normal seasonality, but call it still less than 60%. And then we have the southeast, east, and north that were much higher. The north is a lot of new communities, new markets. But the southeast and the east are just showing the continued strength, particularly of Florida and the Carolinas. Okay.",7717
TP,1,TTWO,2024,Q3,pair_33,no,1,1,0.6150726111687774,0.26000000000000006,"Hi. Thanks for taking the question. Back in May on your fourth quarter call, you gave a $1 billion operating cash flow guide. And since you've updated us on the fiscal 25 top line outlook, I was wondering if you could also update us on the fiscal 25 operating cash flow outlook and any puts and takes around that. And then I have a quick follow-up.",Great. That's what I need.,29238
TP,5,CTRA,2022,Q3,pair_10,no,1,1,0.3209651736000404,0.26000000000000006,"That's very clear, Tom. I appreciate that. I might be trying to peel the onion back in too much detail here, but my follow-up is also related to that. I'm just wondering if you could share what you've observed through your testing as it relates to how the pressure gradient has evolved across the upper marcellus you know your point about you know lack of communication between the two zones have you seen any shift as you started to you know any any evidence for example as chesapeake pointed out that um you know co-development might be the right way forward because there is some communication are you saying that no you don't believe that to be the case now you know","Different areas are going to behave differently. And I don't want to comment on another operator, but that comment doesn't surprise me. We see our area as somewhat unique in that per cell and the thickness across our area. We think co-development would not be the right approach. And in fact, we also think that the fact that we have that barrier really allows us to take more efficient use of our infrastructure. because we have compression and field hydraulics. And if we were required to co-develop, that would be a much more challenging, complex problem. So the fact that we've got that Purcell Fract Barrier is really, I think, an important part of our economic development. So we just think we're in a different area, Doug.",15872
TP,3,PYPL,2020,Q2,pair_4,no,1,1,0.28190272946520556,0.25000000000000006,"What does the strategic roadmap look like, and what does it mean for PayPal?","At least I would just add one other thing. As we think about what this offering provides for our consumers, but also the economic benefits of PayPal, It's not just in the direct unit economics that come through a point-of-sale transaction. Very importantly to us is what this will do to the overall level of engagement for consumers. So if you're using us in an offline setting, you're much more likely to use us when you have the opportunity online. So there's a halo benefit that comes along with this usage that is very important to us as well.",24959
TP,1,CCI,2019,Q1,pair_13,no,1,1,0.4300652633179136,0.26000000000000006,"I mean, if I look at the... If I look at the 168 that you just did in the quarter and simply annualize that, you get to 672. And the range for your interest expense guidance, which obviously impacts your AFFO, is 687 to 732. And even if I assume you raise debt with the assumption you maintain something around five turns of leverage, it still seems difficult to get to that 687 to 732 range.","Yeah, okay. So I understand your question. What I would say again is it has a lot of assumptions that go into that and that's why we give a range. We think that range is appropriate for what we anticipate our funding sources will be to pay for the capital expenditures we have in 2019.",22075
TP,4,KHC,2022,Q1,pair_8,no,1,1,0.28495587153994706,0.26000000000000006,"To echo the earlier sentiment, congrats, Chris. You're a legend. We'll miss you. And Anne-Marie, congrats on the escalation. Looking forward to working with you more closely going forward. To the questions at hand, great to see your food service momentum. I think you gave two statistics, the growth in U.S. and growth internationally. Can you give us the blended growth rate, like across all of food service, 12% of sales growing what on average?","And I would add on the comments from André that we are very excited with the food service. We see As a difference from the past, there was a very transactional channel. Today is a truly transactional, sorry, a strategic channel for us. It's a great way for us to launch new products, to test them, to sample them with the consumers, and then to leverage that sampling to the trade. In the presentation, you have a very recent example of that, but it's our intention to to keep doing that through the future.",6800
TP,1,INTU,2019,Q2,pair_23,no,1,1,0.5210823316943126,0.26000000000000006,"Well, I saw the, let's see, which one was it? Well, can't remember at this moment, but yes, I think it's effective. It drew me to the website. Just double-check.","Well, good. Good, good, good. Well, you know what? We're seeing the same thing. So, you know, our big push there with our marketing dollars is really we want to be where our customers are. So that's important to us. And when we look at marketing and whether we should spend more or not, it really is around, is the marketing spend driving the outcomes we want? And so on the QuickBooks side, we tend to focus on LTV to CAC. On the TurboTax side, we tend to focus on a one-year payback. And so that enables us to be able to make different resource allocation decisions because, as you guys know, you know, we manage margins at the company level, and so we're always looking at how to best deploy the funds to deliver better outcomes. And so right now, with the metrics we've seen so far, we are pleased with how it's going on both sides of the house with QuickBooks and with our TurboTax ads.",29978
TP,4,ICE,2023,Q2,pair_4,no,1,1,0.29025256675804845,0.26000000000000006,So more of a next year opportunity is what I'm hearing from you. Sorry for the quick follow-up.,"So I wouldn't expect pricing changes this year. So yes, it would be next year and beyond.",30340
TP,2,CB,2022,Q2,pair_15,no,1,1,0.381310785805208,0.26000000000000006,"Yeah, thanks. Two of them here for you. First one, hopefully pretty quick for Peter. I'm just curious, FX had a little bit of a headwind here from an earnings perspective also. Should we expect something similar here in the third quarter given where FX rates are?","Very hard to say, Brian, just because of the volatility around it. We obviously have a substantial international operation. You saw that in the revenue and the operating income numbers. I really can't judge. We don't hedge funds. you know, the operating businesses for FX. So what happens, happens. We do do some hedging around debt and some of the other aspects.",16601
TP,1,DHI,2024,Q3,pair_17,no,1,1,0.31651268350619066,0.26000000000000006,"And then based on the prices for land that you've been buying and expectations for stronger cash in 25, should we expect a lot cost inflation to maybe kind of normalize a bit in fiscal 25?","Yeah, we have continued to see, you know, increase in our lot cost and slight increases as a percentage of overall revenue. You know, we don't expect to see that moderate significantly. You know, I don't know whether that settles in at high singles, low double digits, but we do expect that to be a headwind for us as the reality of the cost to put a lot on the ground. We just haven't seen much relief in that. And so we expect to see it continue to climb.",7539
TP,2,BAC,2024,Q3,pair_13,no,1,1,0.32448032436699814,0.26000000000000006,"Fell into the ocean. Alistair, you touched on the Basel in one of your comments regarding how you're in good position from your capital standpoint from the original proposal. Can you give us any color on what you guys have seen from that presentation that Vice Chair Barr gave earlier in the quarter, what your views are, where you might come in? I think they said there was an average increase of capital for the group of about 9% and how you might stack up against that.","Yeah, I'm not sure we have enough detail, Gerard, to give you a specific at this point. When the re-proposal comes out, what we're told is it'll not only be about, it'll re-propose the whole entire picture, including the changes outlined by Chair Barr's speech. But you could take it for granted that that was more favorable than the original proposal, so therefore we'll benefit from it. And once we see something If it's a little more detailed, we might be able to give you a better estimate, but it's favorable to us.",23236
TP,5,TDG,2021,Q4,pair_18,no,1,1,0.3595955849788079,0.26000000000000006,"Okay. And last one, I'm sorry. I think, George, you may have mentioned the ending next year at a roughly at six times net debt to EBITDA with a billion of free cash. So the math is somewhere around 2.4-ish billion of adjusted EBITDA on that basis. Is that what you were trying to convey or?","No, we're not giving guidance on the denominator there. We're simply trying to give you a rough sense for the deleveraging by about a turn per year. But if you're trying to dial in and back into the EBITDA guide or something, don't do it because you're not going to get the right stat.",786
TP,4,TSLA,2020,Q2,pair_5,no,1,1,0.37218733882044575,0.26000000000000006,Hi. Good afternoon. Could you please characterize the current near-term demand environment for your vehicles?,Don't worry about demand.,22800
TN,3,PPL,2022,Q3,pair_12,yes,0,0,0.1958115674246396,0.25000000000000006,"Hey, good morning. I may have just addressed this, but let me maybe ask it differently. When you update your long-term EPS growth outlook in February, will you incorporate the Kentucky CPCN filing into your growth target?","Yeah, sure, David. So we'll incorporate... at least some of that capex that we would file relative to the CPCN when we update our plan next year. As far as closing the gap between rate base and earnings growth, I think it's a little early to say exactly how much that will close. It will certainly close because think about the generation need in Kentucky and those units coming offline, the whole units coming offline in 2028 will need the new generation to be ready to serve load at that time. And so construction would have to start probably beginning in 2025. So I think you'd see incremental capital related to replacement gen in 2025 and 2026, which certainly would help to close the current gap between rate-based growth and earnings growth.",20998
TN,2,DD,2024,Q1,pair_7,yes,0,0,0.24404219937736416,0.26000000000000006,"Maybe we can talk about what you're seeing on the water solution side, because you do cite that industrial demand remains weak in China, but I guess you're saying it's recovering better than you thought?","Yeah, no change there. So the volume uptick that we saw in China in the first quarter was primarily E&I. As Ed had mentioned, we are up kind of mid-teens for volumes in China. We still do see industrial weakness that's impacting W&P, primarily in the water space. So no change to our expectations that we will get the orders in from the key distributors towards the end of this quarter and be able to ship those to see a ramp sequentially in water and then a further ramp as you head into the second half.",19776
TN,1,STZ,2022,Q1,pair_1,yes,0,0,0.20082043286438148,0.26000000000000006,"Great. Thanks. Good morning. I was curious about the beer pricing. Its price mix was north of 2%, and I was just curious if you could talk a little bit about how much of that was driven by mix or if there's some greater pricing starting to come through in the market and your thoughts broadly on pricing for beer this year. Thanks.","Sure. We continue to keep our algorithm about beer pricing as we have said on prior calls. We see it as a 1% to 2% growth profile over the course of the year, and we're sticking with that. We think that's appropriate given all the factors that we weigh when we decide about what we're going to do with our pricing. I think it's also important to say our number one growth driver in our business continues to be Modelo, which is very accretive on a mixed basis. So as we continue to see all of our businesses grow, when you see that kind of acceleration in Modelo, it certainly is mixed accretive to us as well. So I think both of those things were additive in the quarter, and we would expect them to be additive over the course of the year.",15279
TN,1,MA,2019,Q1,pair_6,yes,0,0,0.198559685408162,0.26000000000000006,Hi guys. Can you remind us how much of your cross-border volume occurs in the first quarter? I think there's some seasonality. Just want to confirm that.,"Yeah, from a seasonality standpoint what I tell you is Q3 typically sees a little bit more in the nature of volume on cross-border, but for the most part in the remaining quarters it's pretty stable.",3420
TN,4,LYV,2023,Q2,pair_1,yes,0,0,0.0634305665718398,0.26000000000000006,"And then on international, obviously LATAM has been a huge tailwind post acquisition. You've seen some other green shoots in Asia and parts of Europe. Should we expect continued growth in those markets or just more M&A on top?","So, Brendan, thanks, Joe. For starters, as I think you probably noticed, we put in the release that at this point, Our confirmed shows and shows that we have offers in on our arenas, amphitheaters, stadium shows is up relative to where we are at this point last year coming into 23. So we're seeing continued growth in the show count, which should lead to continued growth in attendance. As you know, our formula is to drive that growth in attendance and from there accelerate the AOI levels even higher. with increasing per fan profitability on site, increasing sponsorship, increasing our ticketing business. So I think we're set up for a very strong continued growth into 2024 across the board. And a lot of that activity, these are going to be the shows that you have the longest lead time on. So a lot of these are going to be global in nature, cutting across both North America and internationally. As you noted, and as I think much of the release lays out, this has been a tremendous quarter for growth in international markets. I think it was 46% fan growth so far this year, which given that we were a closed part of last year, we expected to see very strong growth. But we still think we're in the early innings. If you take Latin America, we're up about 35% this year so far a year to date with roughly 10 million fans. But we think we're still in the earlier innings in South America. We launched the town festival, already sold 400,000 tickets on our way to probably 500,000 tickets, which is unheard of for a festival in its first year. So as we continue to layer on our promoting business, bringing in our sponsorship business, bringing in our ticketing business throughout Latin America, that just continues to drive it forward. In North America... Again, a very good year this year, and we're seeing the sort of growth that we think is possible ongoing. Year-to-date, up 8% in North America with the fan count. Expect that to be double-digit fan growth in Q3, probably verging on double-digit fan growth for the full year in North America, as we're seeing top to bottom. We're seeing strong growth in theaters and clubs. Our amphitheaters are doing great, substantially up in number of fans attending per show. and the high end stadiums are doing very well. There is no, I've seen some things talking about is the middle, how's the low end, demand across all of those continues to be very strong.",28284
TN,4,IRM,2024,Q3,pair_4,yes,0,0,0.1717546308869984,0.26000000000000006,"And then one on the Richmond land, is that power provisioned already?","Thanks, Nate. Let me start with the Richmond Lane. Yes, that is power provided. And as you say, that'll be north of 200 megawatts of critical IT load. So we're really pleased for that expansion. And I'll let Barry talk about the RIM volume pricing.",15614
TN,1,ABT,2021,Q2,pair_10,yes,0,0,0.1452091533267698,0.26000000000000006,"Thank you. And maybe I could just ask one follow-up on recovery in diagnostics versus med tech. So I know you called out this issue with blood donations, and I guess excluding that, would you think about the recovery in your core diagnostics business Ex-COVID, similar to MedTech, should it go in lockstep, or is there going to be a difference there for some reason?","Yeah, like at a high level, I would say, yeah, we're seeing kind of that same kind of recovery trend, again, within its own kind of segment. our immunoassay and clinical chemistry business, which represents about 80% of our core lab business, that actually was up high single digits in Q2 versus Q2 of 2019. So we are seeing that recovery on the core labs. There are some assays that haven't recovered as much. What we've seen here in the U.S. is that We're seeing post-surgery policies here from certain hospitals do less overnight stays. So when you're doing that, you're getting a little bit less of that. But I'd say that's offset with higher share gain and growth in new accounts with the rollout of validity. So we're seeing that kind of high single digit. And as you mentioned, the issue is really kind of low performance. blood donations that are impacting our transfusion business, of which we've got 65, you know, 60-plus percent market share. So, you know, we're hoping to see, you know, we've been working with different agencies here to kind of bring awareness to this fact here, because obviously, you know, there's inventory of blood, but if this rate of donations continues, then it'll be a challenge for the U.S., so... Hopefully, we'll start to see that recover here as we get towards the end of the year.",8765
TN,1,MMM,2024,Q3,pair_8,yes,0,0,0.18205762527641767,0.26000000000000006,"Great. Understood. And then just thinking about, you know, kind of the capital deployment question, you know, you stepped up on buyback a bit in the quarter, you know, in spite of writing a sizable liability check. You know, how should we think about just managing, you know, kind of the outflow of cash on you know, repo and or dividend against the backdrop of, you know, sort of the schedule of liability payments. I mean, maybe it's kind of a question about, you know, what's the comfort level on minimum cash or something like that as you're operating going forward.","Sure. Jeff, I really believe that our capital structure is actually solid from a cash balance, leverage, cash flow generation, and optionality perspective, which allows the optimal capital deployment and allocation. As Bill mentioned, we have a very hefty good cash balance. We ended the third quarter at $7.3 billion, which is more than 2x of the working capital requirements of the business. On leverage, it was a net leverage of 0.8x at the end of the third quarter, and more importantly, maintaining a strong investment grade rating with ratings of A3 or A-minus. And as we've seen through the quarter and the course of the year, the cash flow generation has been robust. For the first nine months, we generated $3.5 billion of cash flow, and that's after investing $1.7 billion on R&D and CapEx. And we do expect in years to come, as earnings grow, we make progress in working capital, especially in the area of inventory. This will increase our cash flow and keep the conversion higher than 100%. Also, we have optionality in terms of the 19.9% stake in Solventum and any other future portfolio reshaping we do. So putting all of that together, it's a strong capital structure. We have optionality, flexibility to invest in the business to drive growth, and also to return capital to shareholders. You know, it's an active discussion we're having, and we'll probably come more about it, talk more about it over the next few months.",24179
TN,3,FCX,2024,Q2,pair_7,yes,0,0,0.16761616121761883,0.25000000000000006,"Hey, Brian. Good morning, Rich and Kathleen. Thank you for taking my question. I just want to go back to this 10% on the IUPK. I just want to confirm, A, until 2041, you maintain your 48.76%. I think that's what I understand, and then it's 10% thereafter. But then, two, on the capital, do you put it all in until 2041 and then get it back, or is this going to be more like for a while at Rio where, as you develop reserves and their ownership goes up, that you share the capital in different ratios, like we saw, as I said, with the Rio Tinto stuff historically. I'm just trying to figure out exactly how the cash flows are going to work on this.","Yeah. Well, as part of the application to the government for the extension, we will submit an agreement to make the transaction, and that agreement is currently being discussed with MindID. What's been discussed over the last couple of years with respect to this, or last year plus, is the way it will work is the 10% share transfer will take place in 2041. and the price paid at that point will be a reimbursement of the capital that was incurred between now and 2041 that benefits the period beyond 2041. So to the extent, it's not like the Rio Tinto deal at all. It's basically just a reimbursement at book value of what what's there to benefit the period beyond 2041. So essentially, look at the book value at the end of 2041 and that pro rata percentage, 10% of our shares will be transferred and that will be the purchase price, will be the reimbursement of capital. So the cash flows between now and 2041 won't, you know, won't be impacted by it.",13052
TN,1,FI,2023,Q1,pair_4,yes,0,0,0.100754027571803,0.26000000000000006,"And then maybe just for my follow-up, I'll ask about investment areas because you did call out how Finzact, OnDot, and some of your other recent acquisitions are having a very noticeable positive impact on Fiserv. So just looking forward, what are some of your priority investment areas, like sort of the hot areas right now, either for organic or inorganic investment? Thank you.","Carrot, clover, you know, we're leaning heavily on both of those. I think we've grown them organically very well, but we've also added, you know, bento box, merchant one, next table. so you'll see us do both. I think we have a very, very strong track record, starting with Clover, moving to VendoBox, Finzac, of bringing founders in and helping them grow their business at a different level, right? I think you can see a vertical focus. You see us with driving value-added services, so I would say that's a large part of the merchant story, and that, you know, will happen... in the U.S., and within our regions also. I think when you think about FinZac, you think about, you know, what I feel is the best next-generation platform out there. And both FinZac and DNA are very, very strong assets. We do have great assets like Signature also, but when you think about the build-out, you should think about us taking FinZac and DNA to the next level. It's the best cloud platform in the industry between the two by far. And, you know, when you see the investment we're making to bring Walmart up and they're up and running in the early stages, that'll industrialize us on that platform beyond anyone's expectations when we acquired it. If you look at, you know, payments areas, We will continue to bring in the issuing area a lot of digital innovation. We're cloud enabling those platforms to take them to the next level. I think you've seen that we've been hugely successful in the issuing area, you know, even as late as Desjardins and Target. coming on. So we'll continue to invest in those platforms, grow them out, and bring more value-added services there, more digital capability there also. I think along with that, what we're doing with things like SpenLabs is we're opening up a whole new SMB opportunity within our portfolio that we think will transverse our whole organization. And we believe deeply in SMB and the combo of Spendlabs and Clover and other assets that we brought on board will really allow us to even have more wallet from our SMB population. And then on that, you saw us take something that was a card control, card access capability. and bring it into the mobile banking platforms of over 1,000 institutions. So I think, you know, you also look at the speed in which we ramp these products, the way we integrate them into the company. We think we have a pretty strong expertise in that, and you can count on that continuing driving future growth for the company.",6751
TN,3,NOW,2022,Q1,pair_10,yes,0,0,0.1532057469254362,0.25000000000000006,"All right. Thanks very much. And I'll echo the congrats on a really nice quarter. Bill, when the pandemic hit, you all were able to operate at a really high level virtually. But as a platform company, I was curious as to how beneficial it is to be able to actually see your customers in person and talk about the entirety of the solution, as well as the ability to sort of move up the organization, meaning moving from the CIO suite up to the CEO level. I was just wondering if you could just expand on that a little bit, because I think you're in a little bit different position than some other software companies that maybe only sell into one buying center. Thanks.","Thank you very much, Kirk. I have to tell you, one thing that did surprise me a little bit during the whole virtual environment is CEOs were looking for a good conversation. So you were able to participate in those conversations then, which is obviously helping us now. And we were also able to bring large-scale management team gatherings with our team and their team. So we did good. But now that we're opening up, we should do even better. So, you know, I looked at my calendar for the year. You know, I'll catch my family here and there on the weekends because I'm leaving Sunday for Europe. And, you know, and after that tour of Europe, we'll be hitting Asia. uh um very very uh soon after that um so we're we're going full speed open up the company we're doing these knowledge events in four distinct locations as i mentioned uh our our sellers are going out on the street and our management are going out on the street because that's what customers are and uh never forget that united airlines commercial when a guy walks in he's got a bunch of envelopes and Look to this management team who are sitting around the table, you know, gazing at themselves, and he goes, let's go visit some customers. So I expect we're going to get a lot of tailwind out of that, because you're right. To build trust with net new logos, it happens in person. It's hard to do that in a digital format. To really expand a relationship to an enterprise scale, it really does require, you know, a good meeting of the minds and emotional trust, and we'll do that. So I really think this is going to be another step function improvement in ServiceNow's future because as a platform provider, getting our customers healthy through some of the challenges that they're fighting through is a seminal moment in our history, and I'm excited. Sounds good.",11872
TN,1,AMZN,2021,Q1,pair_4,yes,0,0,0.19314657830511148,0.26000000000000006,Great. Thanks. Two questions. The 2Q revenue guide range was strong despite the initial pandemic comps. Could you just discuss demand levels you're seeing on the e-commerce side and just other kind of key drivers of strong expected revenue growth in the second quarter?,"Sure, John. Thanks. Let me start with your second question on advertising. So certainly traffic has been a large driver recently. of what we're seeing in the advertising space, but it discounts kind of the improvement that we're also seeing in relevancy and new products that the team has been rolling out that the customers also enjoy. So I think the advertising team has done a great job of turning clicks into productive sales, and the advertising that results is valuable to us as well. We were using new deep learning models to show more relevant sponsored products. We continue to improve the relevancy of the ads being shown on the product detail pages. And we've seen rapid adoption of the video creative format for sponsored brands, among other things. So you're seeing a little bit more than just traffic. And again, very pleased with the performance of that team and of the receptiveness of our customers, our vendors, our authors and sellers to our advertising products. We think it's also very valuable for consumers as well, helping them find things more easily and discover new brands. On Q2 guidance, yes, I would say we are projecting, again, continued strength across all of our segments. I will remind you that Prime Day has been scheduled for later in Q2, and we'll have more on that as the quarter unfolds. So that's a consideration as well.",1131
TN,3,DVN,2021,Q1,pair_7,yes,0,0,0.06699146473525722,0.25000000000000006,"Good morning. My first question is just on return of capital. The leverage is on track to reach one times by year end. Your targets are times or less. And you've talked in the past the extent of the balance sheet is in good shape from leverage, cash, all that, the macro looks constructive and you're generating good incremental free cash flow, that you'd reconsider visiting the up to 50% payout on the variable and then potentially revisiting the 10% on the base dividend. So do you think you'll be in a position to maybe start more seriously contemplating that next year and in this situation would Buybacks just look more attractive because it's generally a means to lessen the base dividend burden.","Yeah, Janine, this is Jeff. I think you're spot on. As we've talked about in the past, as we continue to execute on the plan and generate excess free cash flow into this year, we feel really good about where the balance sheet is. With the announced additional $500 million debt reduction we announced today, we're well down the path to reaching our targets. We're forecasting to be at that kind of one-times net debt to EBITDA target at the end of this year. if not sooner. So we feel really good about where the balance sheet is. And then to your question, we'll absolutely be talking to the board about, should we reevaluate that 50% threshold and maybe start putting more cash to the variable dividend beyond that 50%? And then even considering things like the fixed dividend as well. I will tell you the way we think about the fixed dividend, as you mentioned, is a payout ratio of cash flow, kind of 5% to 10%. on normalized pricing, which historically we've thought about normalized pricing kind of being in that $50 to $55 oil range. If we believe there's, as Rick mentioned earlier in some of his comments, if we see a structural change in the pricing dynamic in the macro environment that would suggest to us that normalized pricing is higher than that kind of $50, $55 level, that's when we would reevaluate the fixed dividend. So I think what you're most likely to see from us in the near term is incremental cash on the variable dividend and an increase in that threshold later this year or certainly in the next year.",20175
TN,3,COST,2023,Q2,pair_16,yes,0,0,0.18383286381358918,0.25000000000000006,"So that's to say, I mean, you think that you've got maybe a little bit of a cost advantage over your competitors, so they're not able to quite match you when you make moves like this?","That you have a cost advantage, a little bit of a cost advantage compared to your competitors, so when you take prices down, they can't quite match you, and so that's why you're able to get your price gaps as wide as they have been.",18865
TN,2,PSA,2023,Q3,pair_1,yes,0,0,0.08256748897536223,0.26000000000000006,"Good afternoon. Thanks a lot for taking my question. You continue to navigate the environment well, though the guidance implies continued deceleration to the fourth quarter for SAMHSA revenue growth and SAMHSA ROI growth, with both turning negative at the midpoint. So what are you seeing in October to this point, and how are you viewing how the last two months of the year will play out?","yeah thanks Michael good question so I'll provide a little bit of context on the same store revenue outlook for the remainder of the year and then specifically speak to to October so as we've spoken to and the prepared remarks the environment for new move-ins continues to be competitive and that's persisted through the second half as we sit here in October we in the industry are responding with lower rental rates promotions as well as advertising but on the flip side we're seeing good move-in volume growth. Those tenants are staying longer than last year, and our existing tenant base has been strong. We look at the exit rates for move-in rates and occupancy to give you a sense what's assumed in our outlook. On move-in rates, we assume that at the midpoint, move-in rents are down circa 18% at the midpoint. The high end of our outlook assumes 13% decline year-over-year, and the low end, 22%. On the occupancy side, the midpoint assumes that we hold the year-over-year decline from September at about 120 basis points decline year-over-year. At the high end of the range, we nearly close the gap to last year by the end of December, and obviously at the low end, we go backwards on occupancy towards the end of the year. Speaking specifically to October, we've seen, again, good volumes but at lower rates. As we look at the move-in rental rate decline on an apples-to-apples basis, move-in rents down, call it 18% in October to date. Obviously, today we'll wrap up the month. We and others ran some fall and Halloween sales on select units in the back half that will cause a little bit of a decline in that towards the back half of the month. But overall, seeing very good volumes, volumes up nearly 9% in the month of October. So the tools that Joe highlighted continue to work very well. And I would point again to existing customers performing well. Move outs were down or actually are down year over year this month to date. And the occupancy gap, as Joe highlighted, has improved to down about 60 basis points today. So we're seeing good traffic and existing tenant performance.",20544
TN,1,HD,2021,Q2,pair_13,yes,0,0,0.15753146281691036,0.26000000000000006,"And then on the lumber side, as prices stand now, Would lumber be a modest headwind comp for the balance of the year?","So, yeah, lumber, just the market pricing of lumber, Chris, right now, framing is approaching 40% under LY, and panel is 10% under LY. So with neutral units, there would be a negative comp impact. As I said, unit progression is going in the right direction with these lower prices, and that all speaks to the project nature. But from a price perspective, not expecting any tailwind in lumber.",23812
TN,1,INTU,2021,Q4,pair_21,yes,0,0,0.17774591788213512,0.26000000000000006,"Thank you. So a couple questions. On this year's, next year's guidance, or I guess this year's guidance, is that lowest-seeming number related to your conservatism on last year's guidance? And what should we expect over two years to three-year range? And secondly, on last year's tax, current year's tax, to what extent did you have assisted benefit from people misunderstanding or concerned about the stimulus and wanting to sit down? And it was a one-year phenomenon. And we go back to reduced, assisted, and increasing to","Yeah. Thank you, Michael, for your question. You know, a couple of things. I'll start with your first question. You know, we're very excited about the innovation across the company, the customer segments we're pursuing, and the impact that we are seeing. And in that context, we feel very good about our guidance and long-term expectations, which gets to the second question, and that is the long-term. You know, what we'll do at Investor Day, as we do every year, is we'll share our long-term expectations. So we'll talk about that at Investor Day. So if you wouldn't mind maybe waiting another three weeks, we'll talk about that a little bit more. And the third part of your question around tax and assisted, and, you know, we have a blip from the pandemic. I would say the short answer is really no. You know, this year, a lot of our accountants and stores were actually open. I think what you're seeing here is just, it's the impact from our innovation. It's the raising the awareness that we have live expertise available for customers, whether we do it with you or do it for you. And in that context, you know, this was not a blip because of the pandemic. If anything, most places were actually open, and this was just based on our strategy and the results of our execution.",30020
TN,2,NKE,2021,Q4,pair_3,yes,0,0,0.09453372898965572,0.26000000000000006,"Great. Thanks. Good afternoon. I guess a follow-up question for the team on the China Marketplace. Bigger picture, just with the accelerating growth of late and some of the national athletic brands, can you just share how you're thinking about Nike's market share potential as you work through the 2025 plan within China specifically?","Sure. Matt, why don't I take the first part and then maybe you take the second part of Aaron's question. So, Aaron, you know, bottom line, we're confident about what we're seeing in China as we drive long-term growth. And we have a long-term view. And we've always taken a long-term view. We've been in China for over 40 years. You know, Phil invested significant time and energy in China in the early days, and today we're the largest sport brand there, and we're a brand of China and for China. And the biggest asset we have in China is the consumer equity. Consumers feel a strong, deep connection to the Nike, Jordan, and Converse brands in China. And it's real. I saw that in my first week. Can't wait to get back there. And it's strong. And that's brought to life on streets all over China through the over 7,000 model brand stores we have in China. So we have a strong consumer franchise in China, and they feel very connected to our brand. And so we're going to continue to invest. We'll continue our long-term investment in China. whether it's through the express lane, which allows us to have local product insights, so design and deliver with speed and agility, or we're localizing our tech stack. You know, Matt mentioned we're opening a new digital technology center in Shenzhen. And we're going to invest for the long term, and we're encouraged by the momentum, and we have confidence, you know, in the future. It's interesting. You know, we've been the number one sports brand in Tmall for a decade, and we're still number one today once we open back up on it. Over the last month, we've added a million new members on Tmall through the 6-18 shopping holiday. And so we're focusing on what we can control. We're confident of our momentum and our position. And as Matt outlined, we feel confident about our long-term growth in China.",26144
TN,3,LMT,2019,Q2,pair_2,yes,0,0,0.182979442879034,0.25000000000000006,"Just got 30 days to go, you know, so got to get excited. One question, you talked a lot about hypersonics in your prepared remarks, obviously, with the proposed M&A activity in the space that's been more topical and I think there's been a good bit of disclosure about what programs are out there in recent months. I just wondered, you guys have positions on several of these development prototype type efforts, but When do you think we see real programs of record?","Since my boss is sitting across the table from me, I'll say roll tight. So, you know, you're right. We have done a nice job of working with the customer set, you know, whether it's the Army, the Air Force, the Navy, DARPA. As Marilyn mentioned, we've got $3.5 billion of contracts that are either in our backlog or will soon be in our backlog. They're generating sales. They are in – all these programs are in the development, the prototype – phase of their program. You'll start seeing first launch prototype launches starting next year on most of these programs. Some of these programs actually have scope that is to prepare for production. Doesn't mean they're going to go into production, but I think once these things are either deemed successful or not in the prototype, the development phase, once we get past first launch, then I think it'll be the time for that customer set to sit with us to see if it makes sense to go into production. And that's probably, say, two years out would be our best guess. So you will see this year, next year, and into 2021, us continue to perform on these programs from a prototype development standpoint. Perhaps, you know, shape a couple more programs and get a few more in our backlog, but production won't happen for the next couple years.",27456
TN,5,VRTX,2022,Q4,pair_7,yes,0,0,0.1358111869740286,0.26000000000000006,"And then my last question was on chronic pain. I mean, So you've got a lot of acute pain data in-house, more to come. I was just curious, is Chronic Pain Partnership still on the table and what you think partners are really looking for in order to take that forward?","Robin, let me take the question about chronic pain next, and we'll end with growth. We see pain as three distinct categories. Acute pain, that's what we've been talking about with VX548 and this very near-term commercial opportunity, given we are well underway with our Phase 3 program, and it is only 48 hours of dosing. The second we see is neuropathic pain. Obviously, that's a version of chronic pain, but we distinguish that from musculoskeletal pain. For neuropathic pain, I see that as equally a vertexian opportunity as is acute pain. There are a discrete number of prescribers. It can be serviced with a specialty sales force. And we have already shown that this target NAV1.8 with our predecessor molecule, VX150, is effective for neuropathic pain. When Lyrica was a branded medicine, just to give you a sense of the market size, it was approximately a $5 billion market for Lyrica in this chronic neuropathic pain. And then there's the third kind of pain, which is musculoskeletal pain. It turns out that we've already studied that as well with our predecessor molecule, and it's effective in that kind of pain setting as well, which is actually quite unusual. There aren't very many medicines that work in acute neuropathic and musculoskeletal pain. I don't see the musculoskeletal pain as a vertex sales and marketing specialty opportunity. But we're absolutely going to serve all patients and we would partner that. But our focus is on the two Vertexian opportunities right in front of us. Acute pain, very near term, and the neuropathic pain, that's already in phase two and the predecessor molecule was successful there. With regard to growth, let me ask Charlie to comment on the growth profile for the company.",17533
FP,5,EXC,2023,Q1,pair_6,yes,0,1,0.3505036974238588,0.26000000000000006,"And then just pivoting to results and just a smaller question overall, but I was hoping you could illuminate a little bit of color on the GAAP to non-GAAP reconciliations there as far as the change in environmental liabilities and the change in FERC audit liability, just a little bit more color on what those items were.","Yeah, sure. So on the environmental liabilities, that's a PHI, that's a legacy issue where we continue to update estimates for remediation of that. So we've just slightly increased the reserve there. On the ComEd item, ComEd on the Cork audit had an audit begin in 21. We got draft findings earlier this year, and just based on ongoing discussions, we booked about $15 million of a probable loss. So that's But that's kind of the nature of the two, and they're infrequent, unusual. We carve them out from an operating perspective.",10634
FP,2,MPC,2023,Q4,pair_4,yes,0,1,0.2777358428542717,0.26000000000000006,"LPs are a complicated beast, and you guys seem to have figured it out. So thank you for the answer, guys. My follow-up is probably for – might be for Marianne. I'm not sure. Congratulations, everyone, on your roles. But, Marianne, if I look at slide 21, you're showing your debt maturity profile at the MPC level. obviously, you know, sitting with a net cash position at the MPC level. What are your thoughts on where you want your balance sheet to be as those debt maturities come to you?","Thank you. No, no, no, not a problem at all. And I think you kind of were hinting at it as you were getting there. We've got a lot of financial flexibility right now. We're very comfortable with the gross amount of debt that MPC has, but certainly have the balance sheet to be very thoughtful about the right timing of refinancing that debt and really optimizing our cost of capital and really that cost of debt. And I think longer term, right, we've laid out a target of kind of the gross debt to cap of 25 to 30%. We're a good bit away from that, but that's something we'll continue to monitor as we look out into the future.",25709
FP,4,TSLA,2018,Q4,pair_12,yes,0,1,0.406593166731294,0.26000000000000006,"Yes, thank you. You've talked repeatedly about the need to drive down costs, which in turn drives the elasticity of demand for cars. And I'm wondering if you can talk about how much of the price differential between, you know, the $50,000 Model 3 and the $35,000 Model 3 is structural, meaning that powertrain costs for EVs are just structurally higher than they are for internal combustion engine cars, and where you think that difference is today and when that is no longer a factor. So is... you know, or maybe said another way. is the bigger driver in getting to lower costs and more affordability on the Model 3, is it really around the powertrain and getting that at parity, or is it everything else about Tesla not being as efficient as other manufacturers that is causing the higher price right now? And I have a follow-up, please.","But I think the bigger point is that, yeah, there's cost reduction opportunities out, but the bigger point is it's not that our cost is higher than a gas-powered or an internal combustion engine.",22654
FP,2,CB,2024,Q2,pair_3,yes,0,1,0.5016981280303181,0.26000000000000006,Makes sense. Thank you.,"Yeah, it was very helpful. Thank you.",16578
FP,4,HLT,2022,Q4,pair_16,yes,0,1,0.3823255841138836,0.26000000000000006,"And then secondly, just in terms of FX, the dollar has weakened a little bit against kind of the basket of the non-U.S. currencies. How are you thinking about an operational impact from that?","You know, operationally, obviously, it has effects in each individual market where, you know, you're pricing labor in those currencies. It's a very small headwind, you know, single digit millions of dollars headwind in this year's numbers.",23002
FP,5,ABBV,2019,Q2,pair_2,yes,0,1,0.3845685977010523,0.26000000000000006,"Thank you very much for taking the question. Just a couple of things, Rick, that have come up since the deal was announced. Could you comment on whether ADVI has any opioid liability flowing through from legacy Abbott?","Okay. With respect specifically to opioid liability flowing through, we do not have any liability for opioid relating to Abbott's co-promotion with Purdue Pharma.",21247
FP,3,DTE,2021,Q2,pair_21,yes,0,1,0.2736902582508187,0.25000000000000006,"Okay, but that strength is not reflected in the updated guidance, right? So there might be some upside?","Yes, there might be some upside. The guidance was really just taken out the midstream part.",30501
FP,3,SBAC,2024,Q1,pair_14,yes,0,1,0.3167474886032785,0.25000000000000006,Is that what's driving... the boost to tower cash flow XFX relative to the slight reduction in site leasing tied to the oil churn?,"Yeah, I think it's both. You have less smaller guys just in general, and so therefore there's just less of a pool of potential leases to churn with the kind of more narrow band type of tenants that we have. So that is a contributor. And with the bigger guys, I think as you have these master agreements, you have less of these, as you said, overbuilders that are out there and others that are trying to find ways to take existing tenants. While not particularly successful in the past, you know, there was some amount of that. I think that's sort of gone its way, and you'll see less and less of that happening in general. So I believe all those factors will play into it. Okay. Thanks, Brennan.",8219
FP,1,JPM,2019,Q2,pair_8,yes,0,1,0.3188873268783324,0.26000000000000006,"And then your card volumes, excluding the commercial card, were also up very strong. Can you share with us what's driving that strong growth, that double-digit rate of growth?","Yeah, we have taken share, a little bit of share in part. As you know, we're number one in sales there. I think importantly what's helpful in CARD is that we don't even need to take share to grow, just given the secular tailwind that we have in the CARD business on the electronification of cash. And we're taking share in merchant acquiring, yes.",4326
FP,1,FI,2022,Q1,pair_2,yes,0,1,0.26808273894983875,0.26000000000000006,"Yeah. I'll come there, Bob. So let me ask my quick follow-up, if you don't mind, just on the free cash conversion. I heard the CapEx and opportunistically buying some terminals here, but you're keeping the full year, the 95 to 100, the same. So what's the outlook for... some of the moving pieces here to drive that confidence and getting to that 95 to 100 for the full year?","I think, Frank, first of all, it was way more than physical terminals. It was component parts also. And we thought it was a very prudent and smart move to buy ahead into the supply chain given the volume opportunities we have across the board which drive growth. So that would be clearly in the one-timer inventory category. Obviously, you know, we see as we reiterate our confidence on margin also. we see the ability to grow and expand margins as part of the confidence story going forward. And obviously, you know, these are ebbs and flows, quarter to quarter also, and timing of capital. So I think about it in those manners. You know, we feel great about the growth. We feel good about our ability to expand the margins. And we feel good about the ability of what we bought ahead actually drive growth and not have that expenditure going forward.",6667
FP,1,INTU,2019,Q2,pair_31,yes,0,1,0.3127278262147125,0.26000000000000006,Great. And then one follow-up. How would you characterize the pricing and promotional activity in the tax side so far through the season?,"Well, you know, as I mentioned earlier, we have a ton of respect for all of those that we compete with. And, you know, everybody has upped their game as they do every year, both in terms of product innovation and their pricing strategy. I would just say that everyone's being aggressive, but we've not seen anything that's surprised us. And we're being extremely choiceful and deliberate what we do with pricing because we want to truly go after where we can create value for customers and be able to keep those customers in the long term.",29982
FP,5,AMD,2019,Q3,pair_13,yes,0,1,0.30435657914829656,0.26000000000000006,"Okay, and then just as a quick follow-up, maybe more of a model question, I think last quarter you talked about the semi-custom business being down in the mid-30% range. You also talked about Samsung contributions being around $100 million for the full year. I'm just curious, is that still where we stand, and what was kind of the Samsung contribution this last quarter?","Yeah, I think on the Samsung piece of it, you look at the second half, it's approximately $100 million, slightly, you know, about half was taken in Q3, and the other half will come in Q4. So that's absolutely right.",16945
FP,1,AVB,2023,Q1,pair_16,yes,0,1,0.2690711411790088,0.26000000000000006,"And then how did you think about the trade-offs for perhaps growing the revenue, but maybe adding a bit of complexity and maybe a lower multiple as well?","Yeah, I appreciate that. I'd start by emphasizing, I mean, this is about this executive team, right? So, you know, we're the ones setting the course for this business over the coming years, and we're looking for ways to continue to drive earnings, profit, and ways to differentiate that we think can lead to long-term value creation. A number of the recent announcements, including the DFP and SIP, there have been versions of this that have existed, elements that we were working on, and so we've decided as a team in certain areas where we think we can accelerate that activity, and so you've seen that come In terms of our strategic focus areas, we've communicated this externally and continue to emphasize it internally. First is our operating model transformation and driving margin and value to customers through that. Second is optimizing our portfolio as we grow, and part of that is our movement to the expansion markets and also looking to prune assets out of our established regions. Third is leveraging our development DNA in new ways. And so that gets into our programs like our DFP and our SIP. We don't talk a lot on this call, but particularly for certain investors, it matters. And for associates and increasing our residents, our leadership in ESG. And then the fifth one, we always drive home. And this is what's special about here is people and culture. So those are what are driving us as we look ahead and I believe will create outperformance for us.",14550
FP,5,KR,2022,Q4,pair_9,yes,0,1,0.296801722146235,0.26000000000000006,"Okay, great. And then maybe just one quick follow-up question. Just quarter to date, any call you can provide in terms of what you're seeing to start the quarter?","As you know, we always get it. We always provide some insight. If you look so far, we're consistent with our expectations, and Gary outlined a little bit. about what we would expect the quarterly between quarters to be. If you look at the first period, the first four weeks of the year, it's trending a little bit better than 13th, but both of those were lower than the fourth quarter actual. And, you know, I want to remind you that ESI Express Scripts, I should say, is about a percent and a half. And then I always hate to talk about weather, but weather was more friendly to us a year ago than it is this year. And I don't ever want to use weather as an excuse, but it is an insight if you look at the current trends. But the key point is we are trending where we expect it to be.",8528
FP,2,META,2019,Q2,pair_15,yes,0,1,0.3648736726032848,0.26000000000000006,"Mark, in one cue you mentioned specifically that GDPR had an impact on the business. I'm just wondering if you can give an update on that.","Yes, I don't know, Dave, if you want to talk about the GDPR impact, and then I can end.",26980
FP,4,FANG,2022,Q1,pair_16,yes,0,1,0.31848118286845634,0.26000000000000006,"Got it. That's actually very helpful. I appreciate it. And kind of further on to the other components of this, you kind of talk about the electrification of – you know, of compression of parts of the FRAC fleets. Is that something that is going to be showing up as part of the LOE kind of improvements that you're working on?","Well, electrification in the field helps LOEs. So, you know, electrifying all of our fields is not only, you know, environmentally friendly but also cost-friendly, you know, getting rid of infield power generation. But on the, you know, on the frack side and the drilling rig side, you know, moving rigs and frack fleets to electrification would help, you know, lower costs on the capital side but also then lower our combustion percentage of scope on emissions.",5674
FP,1,CHD,2022,Q2,pair_4,yes,0,1,0.3935819277030908,0.26000000000000006,"Your question, please. Good morning. Thanks for taking my question. So I guess I just want to go back to the gummy vitamin category. So you guys talked about slowing category growth. So I was curious what's driving that lower category growth.","Yeah, as an example, Rupesh, Q3 last year, the category grew 33%. The rest of the quarters grew 19%, Q1, Q2, and Q4. So it's just more of a comp issue than anything.",2174
FP,3,F,2021,Q3,pair_8,yes,0,1,0.26330456165979105,0.25000000000000006,"And then just as a quick follow-up to that, you know, it seems as what was discussed earlier that product development times are speeding up, maybe particularly with regard to EVs. The Lightning, for example, seemed to come together very fast. Another trend seems to be that automakers are revealing their EVs for a longer period of time before the actual start of production, maybe because they're so eager to show them, consumers are so clamoring for them. Does that mean that you think that order banks and ordering in advance might be even more popular with with electric vehicles?","The move to a digital product means we have to go to 100% loyalty model. So the reason why you're seeing us launch battery electrics early is very simple. It's our Super Bowl ad. Our new Super Bowl ad, our new Detroit Motor Show is our reveal because it starts the clock on reservations. And you have to do it early enough so your industrial system gets informed by the results of your reservation. That's the closed loop that has to happen. We need to open it early enough so that our industrial system can react to the orders and we don't waste money and take advantage of long-tail revenue. And it's a more controlled environment than a broadcast media advertising on the Super Bowl.",10744
FP,4,VTR,2023,Q2,pair_4,yes,0,1,0.2611731833307113,0.26000000000000006,"Yeah, hi. As it relates to the full-year SHOP same-store NOI guidance, Are you expecting a second half of the year acceleration, or did you consider pulling the top end of the range down?","In regards to the guidance, really, you know, I'll just run through it. So we're looking at cash NOI 15 to 21 percent. That really preserved the existing midpoint, and we have good visibility that that's the runway. Occupancy at the midpoint, around 100 basis points, is consistent with the performance we've seen year to date. REV4, the same. Revenue, a little less than the original guide. And OPEX, a little less as well. So it's pretty consistent. And there's a little bit of growth in it, because obviously we've been running around, in this portfolio, around 17%.",6979
FP,5,AAPL,2023,Q3,pair_11,yes,0,1,0.2648964024296142,0.26000000000000006,"Yeah, thank you for letting me ask a question. I have two as well. So first of all, I just want to kind of ask Tim strategically, as we think about the services growth and kind of the content expansion behind that, I'm curious if you could help us maybe appreciate what you've seen from a sporting perspective in terms of the engagement with MLS the engagement with Major League Baseball and how strategically you're thinking about expansion in sports as a key driver of services growth going forward.","You know, we're focused on original content, as you know, with TV+. And so we're all about giving great storytellers the venue to tell great stories and hopefully get us all to think a little deeper. And sport is a part of that because sport is the ultimate original story. And for MLS, we could not be happier with how the partnership is going. It's clearly in the early days, but we're beating our expectation in terms of subscribers and the fact that Messi went to enter Miami helped us out there a bit. And so we're very excited about it. Yep.",228
FN,5,AMAT,2022,Q4,pair_10,no,1,0,0.15057895858369297,0.26000000000000006,"Thanks a lot. Gary, I had a question about WFE intensity. So we're exiting this year at 15.5%, and you were saying that through 2030 you think WFE is going to grow faster than semiconductors. You've certainly been beating that drum now for a while that WFE intensity is going to keep going up, and obviously there are some underlying upward pressures. But China has obviously been ordering tools and building technologies capacity well at, you know, head of demand now in part due to the fear of these bans. So if China becomes a little more of a lagging tier region, wouldn't that lower WFE intensity a bit and maybe argue that maybe it has to reset a bit? Thanks, Gary.","Yeah, Tim, I'll jump in for a second here just because I have, you know, the picture of the graph in my mind that we use. So We do think intensity is gradually increasing, and it's because of the reasons Gary described. A lot of the steps in the process are becoming more complex and require more equipment, and we see that. And then when we think about China and ICAPS specifically, in the past, there's been a lot of reuse of existing fabs and existing process tools, and that allowed for a low intensity and that's not been what's happening in the past few years and with recent additions. We've talked about the number of factory projects that we see so as capacity gets added even in the ICAP space what you see is an intensity level that's more like what we were experiencing on the leading edge just a few years ago and that's also serving to raise the overall average of intensity. So we're pretty confident that intensity will continue to rise.",2833
FN,1,ALB,2024,Q3,pair_3,no,1,0,0.12715224461630556,0.26000000000000006,"And then I think the second part of your question, can you repeat that again? a budget for 2025 yet, and what do you think their 2024 CapEx comes in at?","Yeah, so it is definitely premature for me to talk about the CapEx budget for 2025. For sure, there is capital that the JV continues to need to spend with regards to the CGP3 asset. That's an asset that will continue to be built. It will be finished up in 2025, and we expect it to be actually starting up as we get towards the end of 2025. But, John, we're literally working through the Taliesin budget with the JV and with the partners right now. So it's a little premature for me to speak to that. We should have more to say on the next earnings call.",14230
FN,2,GILD,2020,Q4,pair_10,no,1,0,0.12345167919328463,0.26000000000000006,"Hi. Thanks for taking the questions. I was just wondering if you can comment at all about breadth of prescribing with Tredelvi, what you're currently seeing out there, how you expect that to change over the course of the year, and then the randomized lung cancer trial that you mentioned, MIRDAD. Would that be a Phase II or Phase III trial? and then just one for Andy on the expense cadence in 2021, what that looks like if you were to exclude kind of underlying remdesivir spend. Thank you.","Okay. Thanks, Terrence. Yeah, so I think we're really pleased to see the evolution of Trodelvi, right? It's only eight months in, so they haven't had a full year yet. And what we're seeing in 2020 is very encouraging. As of last October, more than one out of four patients were initiated on Trodelvi in third-line metastatic triple negative breast cancer. What we also are seeing is in December, when physicians were actually asked to report their own prescribing, so a little bit of an ATU-type approach, They were suggesting somewhere north of 40% of their third-line metastatic triple negative breast cancer patients were receiving Tredelvi. And so we're seeing a nice uptake. I think we have an opportunity to continue that uptake as we think about expanding not only in the academic centers but also with our community providers. And I think that's the opportunity as we think in the next little while. And I think that'll be driven mostly with the fact that we'll be able to promote the overall survival data soon with the FDA approval, the full approval for the assent data and the publication. So all of those things will be important inflection points for us as we move forward. But we're very excited. As we see physicians and are really getting physician feedback around making sure that they can get through their second line options pretty quickly to get to third line. And we have very strong payer support as well and reimbursement. So there's been no barriers on that front either. So good shape so far. I'll turn it over to Murdad on the lung cancer question.",9288
FN,3,RTX,2022,Q3,pair_13,no,1,0,0.0951139982423512,0.25000000000000006,"And Greg, just at high level, the U.S. review of the U.S.-Saudi relationship, any expectation there in terms of impact on your business?","Right now, we follow the lead of the DOD state on sales to Saudi Arabia. We still continue to work with Saudi Arabia, especially on the defensive side. I think it's important. We've had a very long-term relationship with the Saudis. And again, the key for us is providing the Saudis with defensive capabilities. And primarily that means GMT missiles for the Patriot anti-missile, anti-aircraft batteries. So we have not seen any impact from some of the talk in Washington about suspending arms sales. Just to, again, put it in perspective, it's about 1.7% of our total sales go to Saudi Arabia. It's not a big number. But I think it's an important ally, and I believe that we'll get through this difficult time that we're seeing right now in terms of diplomatic relations because ultimately they are a staunch ally in the Middle East and a key player in Middle Eastern stability. Thanks, Rick.",22488
FN,3,CHTR,2020,Q3,pair_5,no,1,0,0.24742611821760727,0.25000000000000006,"Thanks. Good morning. Picking up a little bit on the same themes that John asked about, I wanted to ask Tom about the network evolution you discussed going to IP video. Just so I understand, are you taking down MPEG across the system, and is that something that requires a swapping out of boxes?","The other thing I would add just in terms of longer run trends, you know, yes, COVID had some impact on broadband adoption, but so does the change in the video business that's going on rapidly. And, you know, as more and more people are using IP connected devices to bring video services that traditionally would have been delivered either over the air or by cable, that increases overall demand for broadband in the home. And I think that also is simultaneously going on. So you have a sort of an overall demand change as a result of what's really going on in video. And so I don't know that it changes adoption rates so much going forward as it just shifted the entire amount of people that would be interested in having an in-home broadband system.",27239
FN,2,VZ,2022,Q1,pair_16,no,1,0,0.24919690048055984,0.26000000000000006,"Hi, good morning. I guess first I wanted to ask you if you've seen any change in the composition of your post-paid phone gross ad mix over the past few quarters in terms of different segments of the market, both in consumer and business, and that More recently, you know, you talked about the softness in March and April. Are there any pockets of strength or weakness that you would call out underneath of that overall pressure you've been seeing in March and April, or is it pretty broad-based?","Yeah, so on the comments about March and April volumes, those are predominantly on the consumer side, nothing particular in terms of breaking the consumer apart there in terms of particular areas. But as Hans said, the VBG side, Verizon Business Group, continues to do you know, very strong performance across small business, enterprise, public sector, double-digit growth in gross stats across each of those parts of Tammy's business in the first quarter. And that was really fairly even throughout the quarter. So, you know, we saw a little lower foot traffic on the consumer side, but the business side continues to perform at a fairly even level throughout the quarter as we head into Q2 here.",16252
FN,2,ETN,2024,Q3,pair_12,no,1,0,0.17172289098336724,0.26000000000000006,"Am I reading it right that, you know, there's just some projects maybe that are just less profitable, and so you're going to be less aggressive bidding on them. And so it's, you know, that number can be it's hard for us to know whether that's a good number or a bad number, but perhaps the behind-the-scenes is that number's a little bit better than historical.","Yeah, and I appreciate the question, Scott, and I would tell you today the instructions that we've given to our team is we want to win every order. We don't want to cede ground on any order or in any segment of the business. But the specific question around the win rate Yeah, you know, the 40% win rate, you know, would be higher than our underlying market share in electrical Americas. And so I think you can read that to be that we're winning at a higher rate than we have historically. And that's certainly a good thing and bodes well for the future. And then you say, why? I mean, largely, I would tell you it's because, you know, the bigger the project, the more complex the project, the more likely it is that we're going to win and that our solutions are going to be chosen over other alternatives. And that's just been historically true for the business that the more mission critical, the more complex the project, it increases the rate of our winning. But if you think about the win rate across various segments, and we talk about this 40% in the context of megaprojects, These megaprojects are broad. They are across almost every one of our verticals with the exception, let's say, of residential. And I would say they're, you know, I quite frankly not looked at the data, but my guess is that our win rate is not terribly different across the various segments of the market.",12813
FN,2,GILD,2023,Q1,pair_1,no,1,0,0.11607151085838525,0.26000000000000006,"Oh, hey. Good afternoon. Thanks so much for taking my question. Regarding Tredelvi, I was wondering if you could talk a little bit about what you're seeing with regards to its use across the different lines of therapy post-HR positive HER2 negative approval. And I guess along those lines, as you think about moving this to earlier lines in this indication, what's your latest thoughts on the potential trial design for ASCENT-07 to optimize, in terms of optimizing the right patient population? to expedite trial enrollment and support a meaningful commercial expansion. Thanks.","Thanks, Brian. So, basically, we're really pleased with the early launch results that we've seen so far in HR-positive, HER2-negative. And what we've been seeing is strong initial uptake, basically in fourth line plus, with some share even in third line. And I think that's really important for us as we think about even earlier trials moving up lines of therapy. But I think the data with the overall survival that we've shown, in addition to the work that we've done in metastatic TNBC, also showing overall survival, has really helped because we've had strong awareness, obviously, of Tredelvi in the community as well as in academic centers. And the extended field team work that we did last year has really helped us make sure that we solidified the launch of HR-positive, HER2-negative. So, still early. We only have a couple of months in, but definitely on the right track, and we're really seeing physicians understand the benefits of Tridelvi and what they can bring for their patients in this setting.",9304
FN,5,TRGP,2022,Q4,pair_15,no,1,0,0.1290314258576276,0.26000000000000006,"Hi, good morning. I was wondering if you could speak to the capital associated with moving Roadrunner 2 to the Delaware, how that would compare to a new build, and then where would you be moving that plant into the Delaware and Where are you seeing that pocket of growth that would require that plant to be moved there?","Yeah, sure. You know, what's great about where we're moving that is it's connected to our existing footprint. So the Roadrunner 2 will be right next to the Roadrunner 1 plant, which was, you know, the part of the Lucid acquisition. There's the Red Hills complex and the Roadrunner, which will now be a complex when we add that there. You know, the overall capital Fed is about 120. or so million dollars for that move. So it is, you know, it's capital efficient relative to just doing a new build. The new builds are, say, closer to $175 million, give or take. Those are, the new builds are about $275 million. The Roadrunner move is about, you know, call it $230 or so million. So you get a little more capacity on the new build, but it's still on a per unit basis a little bit better, you know, for the move and timing. Being able to move, it does help our timing. As Pat mentioned, we're you know, getting tighter on capacity out there. So moving it is quicker than just putting a new build out there.",9700
FN,3,CHTR,2020,Q1,pair_7,no,1,0,0.09658117540281295,0.25000000000000006,"And then, Chris, I think you said that non-programming costs were down year over year when you exclude the COVID impacts from wages and bad debts. Is that a trend that you would have expected to continue throughout the year, but for the impact of the pandemic?","I don't want to get into a percentage margin discussion, but the cost of a self-installation is about a third of the cost of a professional install, and the benefit of that inures to both OPEX and CAPEX, depending on what type of installation it is. So it's significant. Keep in mind that we were already at 55%. We would have been at 70% by the end of the quarter, absent the acceleration. Your second question is on non-programming expense. There's marketing, there's advertising expense, there's enterprise expense that's in there. So I prefer to think about cost-to-service customers, which is really the residential and S&V cost to provide network operations, field operations, and customer service operations, so call centers and billing, which is the bulk of our cost. That cost, as I mentioned in the prepared remarks, leaving aside just bad debt, was down year-over-year in gross dollars, and it was down as a per-relationship basis. And I know I've cautioned in the past that what we're committed to is that per-relationship cost to serve is going to continue to decline. And I've been hesitant to say that the dollar cost to serve, excluding bad debt, would also decline on a gross basis. Clearly, it would have inside of Q1 year-over-year, And given that we do expect, you know, once we get beyond April, April's been a high activity month, we think that transactions, sales transactions and move churn and all of the different service transactions will start to slow down. And so that could actually accelerate excluding bad debt, the cost to serve declined year over year, certainly on a per relationship basis. So I think the trends there are good and they continue. There is an increase in the amount of our labor expense because we accelerated the path that Tom was already putting the company on to a $20 minimum wage. That was $30 million in the quarter for really a month and a half of expense. So yes, that'll get annualized at the appropriate rate, but I think that's a small dollar amount relative to the amount of transactions that come out of the business, and I think our operating strategy fully funds that. acceleration of the adoption of self-service and self-install are very helpful in making that viable for not just our employees, but for all stakeholders.",27217
FN,4,BKNG,2021,Q3,pair_5,no,1,0,0.09850940327137385,0.26000000000000006,"Okay. Thank you so much. So, Glenn, I think in the past we've talked about your payments product helping to expand your TAM by onboarding those users who may not necessarily be using credit cards and instead online payment services. Given the overall, I guess, depressed state of travel in Asia, maybe much of that value unlock is still in front of us, but are you seeing evidence in other regions of the world that this is helping to bring in that incremental user And also just a rising ability for you guys to merchandise as you do more of the connected trip, you know, opens up a greater opportunity for you guys to run promos and change prices and hence, you know, flex your gross margins up and down to drive growth on top of what has always been, you know, a more of a performance marketing driven, you know, growth. So is there still a pretty material gap in ROI from doing one versus the other at this point in terms of what you've perceived?","So I'll talk about the first one about our payments. I'll let David talk about ROIs on our merchandising approach and how we're doing that. So you're absolutely right. If somebody doesn't have an ability to pay for something because they don't have the appropriate payment method, then they're not going to be able to buy from that person or that company like us. So we always have to do that. So if you are in Southeast Asia and let's say somebody is using, let's say Grab, who's a partner of ours, And they're using GrabPay. Well, if we're not able to use GrabPay for the hotel taking the money in from the consumer, that person's not going to use us. They're going to use somebody else. We have, obviously, GrabPay, our partner working on that. um or if you look at other ways people who say they go and look it's not their favorite they could use another way they still decide not to use up there's something else we've seen which is really interesting is that just having more ways to accept payments seems to increase conversion sometimes i don't know why i can't give you a science i just see data this is oh that's interesting The other side is making sure we're paying the supplier the way they want to get the money. Because sometimes they'd say, you know, I don't want to get it the way you're doing it with a virtual credit card, or I don't want to get it in terms of a bank transfer. I want to get it some other way. So we've got to be able to do that. And that improves our relationship with the suppliers. It particularly improves it with the supplier. when the method that we can get the money to them is cheaper than the method they are currently using. That's a great thing when we can do that as another value add to that hotel or any other type of supplier. Lots of ways that we're going to do that, and there are all other things we're working. The fintech part of our business that we're just starting out, you know, we talked last time about setting up that unit. There are a lot of opportunities there, and we talked about how in 2019 we did over $100 billion worth of growth bookings. And our idea is to let's find ways that we can monetize that better, and let's find ways we can provide value to both consumers and suppliers. David, I don't know if you want to talk a little about ROIs and how we're doing the merchandise.",7339
FN,4,ROST,2023,Q4,pair_26,no,1,0,0.12311646205443012,0.26000000000000006,"Thank you. Good afternoon. Barbara, I was hoping to better understand the dynamic around the sharply priced brands and their impact on merchandise margins. How large of a percentage of the assortment were you planning to take down to these sharper price points?","Sure. Lorraine, so let's just talk about the sharply priced brands. Obviously, I wouldn't talk about what type of penetration we're going to shift to. What I would say to you about the sharply priced brands is that during 23, we strengthened our value offerings. We kept saying that we were doing that, and we were doing that. And that really resulted in the acceleration of sales and started in Q2 and then persisted through the whole holiday season. And so that's really how we came up with in 2024 that we plan to build upon those successes that we had in 23 by offering more brands that are sharply priced to deliver that value proposition the customer wants. But what I would say to you also is, you know, it's a tiered strategy, a good, better, best strategy. So in terms of gross margin expansion from the pure merchandising side, what I would say to you is This strategy, we really believe that this will drive sales and it will drive market share, and that's really how we're looking at it because that's what the customers voted on all year, and we feel like it's a strategy that's broad-based in the entire box. Certainly, there are some businesses that have more opportunity than others, but that's really how we came to this conclusion, and the customer has been voting, and that's really what she's been voting on.",6001
FN,2,HON,2024,Q3,pair_3,no,1,0,0.18984571390481175,0.26000000000000006,"Okay, great, and then just on the free cash flow cut, what's the, is that just an earnings cut, or is there something else going on in working capital like that?","Yeah, the two big items there is, as you know, the biggest pile of inventory we have is in aerospace, and that's been the hardest nut for us to crack, and particularly given all the dynamics that you're seeing in the industry over even the last 90 days, we just don't see the ramp down that we had been trying to drive there specifically. We've made nice progress in both IA and BA on inventory reduction, but not in Aero, and then the other part of that, I would just say, is in our high growth regions, we're seeing payment cycles slow, and I think, again, that's a little bit of a reaction to oil prices and a little bit of disruption happening around the Middle East, and so those two things are really what we're reflecting in the guide on cash. We do expect, again, as we go into next year, we're gonna still work the acceleration on working capital reduction effort, and hopefully the environment will participate in a way that's gonna be more conducive to that. We're gonna continue to do our work as we've done on the digitization of our working capital, particularly inventory and planning side, to try to unlock that balance.",16405
FN,5,VRTX,2022,Q4,pair_12,no,1,0,0.11372270614471422,0.26000000000000006,"Hi, guys. Thank you so much for squeezing me in at the end. I wanted to ask on the IND for the cells plus device program for type 1 diabetes. Can you provide kind of any colors to what exactly the FDA wants and maybe colors to why Canada was more comfortable with moving into humans versus the FDA? Thank you.","Yeah. Evan, this is about cells plus device VX264 in type 1 diabetes. This is the program using the same cells as the 880 program but encapsulated in a device so immunosuppressants are not necessary. The most important thing to tell you is we've received the FDA questions and we've already responded. No new data needed to be generated. No new experiments needed to be run. the questions and clarifications were ready at hand. You know, Evan, if you ask why was one regulatory agency more comfortable than another, that's just a tough question to answer, and I don't know that I have a good answer for you. What I can tell you is that it's a high-quality submission, and we are very excited to get this up and running with patients enrolled and dosed in Canada, and we're working with urgency to get the study in the U.S. as well.",17528
FN,5,XOM,2019,Q3,pair_12,no,1,0,0.16568966541992636,0.26000000000000006,"Okay. That's very clear. Just to follow up, Are you able to disclose what long-term oil and gas prices you use to test for impairments on your balance sheet?","Okay. Sorry about that. You know, monitoring for impairments is something that is an ongoing process, and and certainly is something that we follow very closely with US GAAP. I don't think we disclose any specific pricing that we use in terms of conducting those impairments. We have very, as you would imagine, very stringent processes and controls to make sure we identify any changes in facts or circumstances that would indicate that an asset might not recover its carrying value. That includes annual planning and budgeting that we follow. It includes assessing trends in the underlying commodities, natural gas, crude, et cetera. And then certainly, if through those processes that we have, we determine that there's some question about asset recoverability, an impairment might be required. But again, it's very strictly controlled. Certainly, we follow the U.S. GAAP very closely in doing that.",18057
FN,3,PYPL,2021,Q4,pair_5,no,1,0,0.19291392421714232,0.25000000000000006,"And then related to that, with the pivot to increase focus on growing engagement, what's the timeline of new applications we should watch for in the expansion of the PayPal super apps?","Let's see. Where to start? Yeah. Well, maybe I'll start with the first part of your question, David, on some of the structural changes. And we've covered this a little bit in a couple questions, but we continue to see a movement, particularly in checkout or gravitation towards digital wallets versus other ways to pay. And, in fact, in some studies it would suggest that PayPal is second only to debit in front of credit in terms of preference from consumers. And as I noted earlier, like, you're beginning to see more and more preference for brand ecosystems. And we think that's only going to become more relevant as we go forward, which is part and parcel to why we're emphasizing our digital wallet strategy so much. Because when someone is using our app, is using our digital wallet, they're much more likely to be engaged with us and in other parts of our ecosystem, including offline transactions. And so all of these things, I think, are structural changes related to the pandemic that, you know, getting the timing precisely correct on when we reach that pivot or that step function change is sometimes difficult, but I don't think anyone would argue that we are continuing down that trend and it's only been accelerated during the pandemic.",24930
FN,1,JPM,2018,Q4,pair_22,no,1,0,0.2262649177734089,0.26000000000000006,"And following that, hard to follow, I would say that we've been pretty clear about the fact that our biggest concern around CECL was properly understanding, not just for us, but for regulators to properly understand the implications for capital, not only in benign but in stress scenarios, and what the implications of the outcome there could have on you know, the willingness for people to extend credit, particularly at cycles age and, you know, with the outlook for volatility to increase. So, you know, having a transition is obviously helpful. You should imagine that we would likely avail ourselves of that opportunity. That, you know, that is what it is. For me, the question that needs to be clarified is, you know, if we are to include the impact of season and company-run stress test, but the Federal Reserve is not going to include it in the stress test, we need to kind of understand the interplay between those two things, particularly if that might coincide with, you know, a turn in the cycle in actual fact. So, you know, I think we're looking for continued clarity from the regulators about what exactly that means. If we're embedding these assumptions into our stress tests and our results, you know, sooner than they are, how do we think about the implications of that on, you know, our distribution plans and capital outlooks? And, you know, importantly, if, you know, if it really is the case that we have to uprun significant amounts of capital for longer term or lower credit quality loans, I do really believe, even though the cash flows and the economics, you know, conceptually don't change, that you might find people less willing to lean into growth for longer duration assets if there are concerns around potential volatility. And we should worry about that.","So, you know, our view is that, you know, more analysis needs to be done in the industry about what this looks like. I hope that what was meant by, you know, we should include it in company-run stress tests is for us to, you know, collectively learn and for the regulators to have the time to respond to that. But remember, you know, 2022, considering all the discussion we've had on this call about, you know, the cycle, how long the cycle is, when there's a turn in the cycle, I mean, we could actually face a stress before that. And so it's great that they are, you know, waiting a bit, but it might all be a bit of an academic point depending on what happens actually.",4262
FN,5,TRGP,2022,Q1,pair_10,no,1,0,0.1565216949823145,0.26000000000000006,"And the other item there was just on the GMP margin. Matt, I know you mentioned that commodity really didn't pick up until the end of the quarter, but just was surprised that that was a negative contributing factor. So curious if there was a mixed shift in the quarter, any hedging impact there to be aware of.","Yeah, and then on the mix shift, you know, when you look at first quarter versus fourth quarter, really the big increase in commodity price was relative to crude oil prices. We don't have that much exposure directly to crude oil prices. We have some, but not that much. It's really on the gas side and the NGL side, and gas was down and NGLs were up almost offsetting. So, A lot of the run that we saw was in March, so we had some benefit kind of late in the quarter, but it's really kind of through April and then into kind of where we are now. So not a mixed shift. It's just kind of the way all three of those different commodity prices move relative to Q4.",9728
FN,4,WFC,2019,Q1,pair_8,no,1,0,0.12913294073806367,0.26000000000000006,"And just one more question on revenues, if I may, and I apologize for interrupting. On the fee side, and I don't mean to be cheeky at all, but excluding the idiosyncratic gains on Picapay and the payroll services company, John, what would you call core fees for the year? Sorry, for the quarter. I guess I'm just trying to figure out. So I think the frustration with investors is I think they've accepted that the expense trajectory is, you know, very hard to target given the the management change, but if the revenue base keeps bleeding down, I'm afraid that some of your loyal shareholders are going to start to exit before you have a new leadership in place. And helping us figure out what the sort of – where the core fees are for the quarter and what you expect for major line items would be really helpful.","Yeah, no, I appreciate that. So – We don't calculate something called core fees. It's non-GAAP for us to do that for ourselves, and so it's a tricky path to go down. I think mortgage is going to be stronger as we roll forward, if we're just thinking about the major line items. I think trust and investment fees will be stronger as a result of the recovery in the market. There's a quarterly lag that's built into that. On deposit service charges, we had a couple things happen in the first quarter that were aberrant. So I think the run rate is higher than what we posted. We had a data center outage that caused us to reverse fees for people for a period of time. There's a little bit of a government shutdown that caused us to reverse some fees for others, et cetera. So those aren't recurring. So as I go line item by line item, each one of them has its own story. I guess I'd point to mortgage probably as this year rolls through and given where the pipeline sits and the fact that we're up a little bit higher in terms of gain on sale. And servicing, frankly, feels a little bit more stable compared to Q4 where we had some valuation adjustments. But, you know, it's very likely that we'll continue to – I mean, we've always had a collection or we've often had a collection of different types of gains from things that happen naturally in the business and from strategic decisions like selling some of these pre-crisis loans. And so they'll be there, too, throughout the course of the year depending on decisions that we make. whether they're core or non-core. I am the beholder, but they contribute to capital generation and earnings in the quarters when they occur.",21799
FN,2,ETN,2020,Q2,pair_5,no,1,0,0.10056491518876987,0.26000000000000006,"Thank you. Good day, everyone. Actually, just would like to get a little additional color on vehicle. Obviously, a very, very tough quarter production on the automotive side starts to look better as the lockdowns ease. Just give us a little sense of what you're thinking for the profit trajectory there. Should this be the only quarter where we see an operating loss? And maybe give us a little color on how much, if any, these restructuring benefits might flow through to those businesses in the back half.","Yeah, I appreciate the question, Jeff. It's been kind of a long time since we've ever since we've lost money in our vehicle business. And I just say once again, just an extraordinary combination of events when you look at some of these numbers around production, both in Class 8 and in global light vehicle, essentially half the quarter was lost. And so the team once again did, I think, an extraordinary job in maintaining a 33% decremental in that environment. We certainly, as you look forward, the volumes are going to be significantly better than Q2. We would fully expect that the margins for the business this year will be double digit, and we would not expect to see a loss in the vehicle business in any subsequent quarter, barring another return to this just horrific market kind of event that we experienced over the last quarter. The details around where the benefits are going to flow, once again, we've not made internal announcements specifically to some of these initiatives, and so we'll give you more color later on. It's certainly fully embedded in the decremental margin assumptions that we've laid out for the year, but you certainly can expect our vehicle business to return to attractive levels of profitability post Q2.",12976
