timestamp, index, name, utilization.gpu [%], utilization.memory [%], memory.used [MiB], memory.total [MiB]
2026/02/24 20:16:33.874, 0, NVIDIA A10G, 0 %, 0 %, 0 MiB, 23028 MiB
2026/02/24 20:16:33.877, 1, NVIDIA A10G, 2 %, 0 %, 0 MiB, 23028 MiB
2026/02/24 20:16:33.880, 2, NVIDIA A10G, 0 %, 0 %, 0 MiB, 23028 MiB
2026/02/24 20:16:33.884, 3, NVIDIA A10G, 2 %, 0 %, 0 MiB, 23028 MiB
2026/02/24 20:16:34.888, 0, NVIDIA A10G, 0 %, 0 %, 3 MiB, 23028 MiB
2026/02/24 20:16:34.888, 1, NVIDIA A10G, 0 %, 0 %, 0 MiB, 23028 MiB
2026/02/24 20:16:34.888, 2, NVIDIA A10G, 0 %, 0 %, 0 MiB, 23028 MiB
2026/02/24 20:16:34.888, 3, NVIDIA A10G, 0 %, 0 %, 0 MiB, 23028 MiB
2026/02/24 20:16:35.888, 0, NVIDIA A10G, 0 %, 0 %, 3 MiB, 23028 MiB
2026/02/24 20:16:35.888, 1, NVIDIA A10G, 0 %, 0 %, 0 MiB, 23028 MiB
2026/02/24 20:16:35.888, 2, NVIDIA A10G, 0 %, 0 %, 0 MiB, 23028 MiB
2026/02/24 20:16:35.888, 3, NVIDIA A10G, 0 %, 0 %, 0 MiB, 23028 MiB
2026/02/24 20:16:36.888, 0, NVIDIA A10G, 0 %, 0 %, 3 MiB, 23028 MiB
2026/02/24 20:16:36.888, 1, NVIDIA A10G, 0 %, 0 %, 0 MiB, 23028 MiB
2026/02/24 20:16:36.888, 2, NVIDIA A10G, 0 %, 0 %, 0 MiB, 23028 MiB
2026/02/24 20:16:36.888, 3, NVIDIA A10G, 0 %, 0 %, 0 MiB, 23028 MiB
2026/02/24 20:16:37.889, 0, NVIDIA A10G, 0 %, 0 %, 3 MiB, 23028 MiB
2026/02/24 20:16:37.889, 1, NVIDIA A10G, 0 %, 0 %, 0 MiB, 23028 MiB
2026/02/24 20:16:37.889, 2, NVIDIA A10G, 0 %, 0 %, 0 MiB, 23028 MiB
2026/02/24 20:16:37.889, 3, NVIDIA A10G, 0 %, 0 %, 0 MiB, 23028 MiB
2026/02/24 20:16:38.889, 0, NVIDIA A10G, 0 %, 0 %, 3 MiB, 23028 MiB
2026/02/24 20:16:38.889, 1, NVIDIA A10G, 0 %, 0 %, 0 MiB, 23028 MiB
2026/02/24 20:16:38.889, 2, NVIDIA A10G, 0 %, 0 %, 0 MiB, 23028 MiB
2026/02/24 20:16:38.998, 3, NVIDIA A10G, 0 %, 0 %, 0 MiB, 23028 MiB
2026/02/24 20:16:39.999, 0, NVIDIA A10G, 0 %, 0 %, 3 MiB, 23028 MiB
2026/02/24 20:16:39.999, 1, NVIDIA A10G, 0 %, 0 %, 0 MiB, 23028 MiB
2026/02/24 20:16:39.999, 2, NVIDIA A10G, 0 %, 0 %, 0 MiB, 23028 MiB
2026/02/24 20:16:39.999, 3, NVIDIA A10G, 0 %, 0 %, 0 MiB, 23028 MiB
2026/02/24 20:16:40.999, 0, NVIDIA A10G, 0 %, 0 %, 3 MiB, 23028 MiB
2026/02/24 20:16:40.999, 1, NVIDIA A10G, 0 %, 0 %, 0 MiB, 23028 MiB
2026/02/24 20:16:40.999, 2, NVIDIA A10G, 0 %, 0 %, 0 MiB, 23028 MiB
2026/02/24 20:16:40.999, 3, NVIDIA A10G, 0 %, 0 %, 0 MiB, 23028 MiB
2026/02/24 20:16:41.999, 0, NVIDIA A10G, 0 %, 0 %, 3 MiB, 23028 MiB
2026/02/24 20:16:41.999, 1, NVIDIA A10G, 0 %, 0 %, 0 MiB, 23028 MiB
2026/02/24 20:16:41.999, 2, NVIDIA A10G, 0 %, 0 %, 0 MiB, 23028 MiB
2026/02/24 20:16:41.999, 3, NVIDIA A10G, 0 %, 0 %, 0 MiB, 23028 MiB
2026/02/24 20:16:42.999, 0, NVIDIA A10G, 0 %, 0 %, 3 MiB, 23028 MiB
2026/02/24 20:16:42.999, 1, NVIDIA A10G, 0 %, 0 %, 0 MiB, 23028 MiB
2026/02/24 20:16:43.000, 2, NVIDIA A10G, 0 %, 0 %, 0 MiB, 23028 MiB
2026/02/24 20:16:43.000, 3, NVIDIA A10G, 0 %, 0 %, 0 MiB, 23028 MiB
2026/02/24 20:16:44.000, 0, NVIDIA A10G, 0 %, 0 %, 3 MiB, 23028 MiB
2026/02/24 20:16:44.000, 1, NVIDIA A10G, 0 %, 0 %, 0 MiB, 23028 MiB
2026/02/24 20:16:44.000, 2, NVIDIA A10G, 0 %, 0 %, 0 MiB, 23028 MiB
2026/02/24 20:16:44.000, 3, NVIDIA A10G, 0 %, 0 %, 0 MiB, 23028 MiB
2026/02/24 20:16:45.000, 0, NVIDIA A10G, 0 %, 0 %, 3 MiB, 23028 MiB
2026/02/24 20:16:45.000, 1, NVIDIA A10G, 0 %, 0 %, 0 MiB, 23028 MiB
2026/02/24 20:16:45.000, 2, NVIDIA A10G, 0 %, 0 %, 0 MiB, 23028 MiB
2026/02/24 20:16:45.000, 3, NVIDIA A10G, 0 %, 0 %, 0 MiB, 23028 MiB
2026/02/24 20:16:46.000, 0, NVIDIA A10G, 0 %, 0 %, 3 MiB, 23028 MiB
2026/02/24 20:16:46.000, 1, NVIDIA A10G, 0 %, 0 %, 0 MiB, 23028 MiB
2026/02/24 20:16:46.000, 2, NVIDIA A10G, 0 %, 0 %, 0 MiB, 23028 MiB
2026/02/24 20:16:46.000, 3, NVIDIA A10G, 0 %, 0 %, 0 MiB, 23028 MiB
2026/02/24 20:16:47.001, 0, NVIDIA A10G, 0 %, 0 %, 3 MiB, 23028 MiB
2026/02/24 20:16:47.001, 1, NVIDIA A10G, 0 %, 0 %, 0 MiB, 23028 MiB
2026/02/24 20:16:47.001, 2, NVIDIA A10G, 0 %, 0 %, 0 MiB, 23028 MiB
2026/02/24 20:16:47.001, 3, NVIDIA A10G, 0 %, 0 %, 0 MiB, 23028 MiB
2026/02/24 20:16:48.001, 0, NVIDIA A10G, 0 %, 0 %, 3 MiB, 23028 MiB
2026/02/24 20:16:48.001, 1, NVIDIA A10G, 0 %, 0 %, 0 MiB, 23028 MiB
2026/02/24 20:16:48.001, 2, NVIDIA A10G, 0 %, 0 %, 0 MiB, 23028 MiB
2026/02/24 20:16:48.001, 3, NVIDIA A10G, 0 %, 0 %, 0 MiB, 23028 MiB
2026/02/24 20:16:49.001, 0, NVIDIA A10G, 0 %, 0 %, 395 MiB, 23028 MiB
2026/02/24 20:16:49.001, 1, NVIDIA A10G, 0 %, 0 %, 0 MiB, 23028 MiB
2026/02/24 20:16:49.001, 2, NVIDIA A10G, 0 %, 0 %, 0 MiB, 23028 MiB
2026/02/24 20:16:49.001, 3, NVIDIA A10G, 0 %, 0 %, 0 MiB, 23028 MiB
2026/02/24 20:16:50.001, 0, NVIDIA A10G, 0 %, 0 %, 399 MiB, 23028 MiB
2026/02/24 20:16:50.002, 1, NVIDIA A10G, 0 %, 0 %, 0 MiB, 23028 MiB
2026/02/24 20:16:50.002, 2, NVIDIA A10G, 0 %, 0 %, 0 MiB, 23028 MiB
2026/02/24 20:16:50.002, 3, NVIDIA A10G, 0 %, 0 %, 0 MiB, 23028 MiB
2026/02/24 20:16:51.002, 0, NVIDIA A10G, 0 %, 0 %, 503 MiB, 23028 MiB
2026/02/24 20:16:51.002, 1, NVIDIA A10G, 0 %, 0 %, 0 MiB, 23028 MiB
2026/02/24 20:16:51.002, 2, NVIDIA A10G, 0 %, 0 %, 0 MiB, 23028 MiB
2026/02/24 20:16:51.002, 3, NVIDIA A10G, 0 %, 0 %, 0 MiB, 23028 MiB
2026/02/24 20:16:52.002, 0, NVIDIA A10G, 0 %, 0 %, 503 MiB, 23028 MiB
2026/02/24 20:16:52.002, 1, NVIDIA A10G, 0 %, 0 %, 0 MiB, 23028 MiB
2026/02/24 20:16:52.002, 2, NVIDIA A10G, 0 %, 0 %, 0 MiB, 23028 MiB
2026/02/24 20:16:52.002, 3, NVIDIA A10G, 0 %, 0 %, 0 MiB, 23028 MiB
2026/02/24 20:16:53.002, 0, NVIDIA A10G, 0 %, 0 %, 503 MiB, 23028 MiB
2026/02/24 20:16:53.002, 1, NVIDIA A10G, 0 %, 0 %, 0 MiB, 23028 MiB
2026/02/24 20:16:53.002, 2, NVIDIA A10G, 0 %, 0 %, 0 MiB, 23028 MiB
2026/02/24 20:16:53.002, 3, NVIDIA A10G, 0 %, 0 %, 0 MiB, 23028 MiB
2026/02/24 20:16:54.002, 0, NVIDIA A10G, 0 %, 0 %, 503 MiB, 23028 MiB
2026/02/24 20:16:54.003, 1, NVIDIA A10G, 0 %, 0 %, 0 MiB, 23028 MiB
2026/02/24 20:16:54.003, 2, NVIDIA A10G, 0 %, 0 %, 0 MiB, 23028 MiB
2026/02/24 20:16:54.003, 3, NVIDIA A10G, 0 %, 0 %, 0 MiB, 23028 MiB
2026/02/24 20:16:55.003, 0, NVIDIA A10G, 0 %, 0 %, 503 MiB, 23028 MiB
2026/02/24 20:16:55.003, 1, NVIDIA A10G, 0 %, 0 %, 0 MiB, 23028 MiB
2026/02/24 20:16:55.003, 2, NVIDIA A10G, 0 %, 0 %, 0 MiB, 23028 MiB
2026/02/24 20:16:55.003, 3, NVIDIA A10G, 0 %, 0 %, 0 MiB, 23028 MiB
2026/02/24 20:16:56.003, 0, NVIDIA A10G, 0 %, 0 %, 503 MiB, 23028 MiB
2026/02/24 20:16:56.003, 1, NVIDIA A10G, 0 %, 0 %, 0 MiB, 23028 MiB
2026/02/24 20:16:56.003, 2, NVIDIA A10G, 0 %, 0 %, 0 MiB, 23028 MiB
2026/02/24 20:16:56.003, 3, NVIDIA A10G, 0 %, 0 %, 0 MiB, 23028 MiB
2026/02/24 20:16:57.003, 0, NVIDIA A10G, 0 %, 0 %, 1247 MiB, 23028 MiB
2026/02/24 20:16:57.003, 1, NVIDIA A10G, 0 %, 0 %, 0 MiB, 23028 MiB
2026/02/24 20:16:57.003, 2, NVIDIA A10G, 0 %, 0 %, 0 MiB, 23028 MiB
2026/02/24 20:16:57.004, 3, NVIDIA A10G, 0 %, 0 %, 0 MiB, 23028 MiB
2026/02/24 20:16:58.004, 0, NVIDIA A10G, 0 %, 0 %, 1247 MiB, 23028 MiB
2026/02/24 20:16:58.004, 1, NVIDIA A10G, 0 %, 0 %, 0 MiB, 23028 MiB
2026/02/24 20:16:58.004, 2, NVIDIA A10G, 0 %, 0 %, 0 MiB, 23028 MiB
2026/02/24 20:16:58.004, 3, NVIDIA A10G, 0 %, 0 %, 0 MiB, 23028 MiB
2026/02/24 20:16:59.004, 0, NVIDIA A10G, 0 %, 0 %, 1247 MiB, 23028 MiB
2026/02/24 20:16:59.004, 1, NVIDIA A10G, 0 %, 0 %, 0 MiB, 23028 MiB
2026/02/24 20:16:59.004, 2, NVIDIA A10G, 0 %, 0 %, 0 MiB, 23028 MiB
2026/02/24 20:16:59.004, 3, NVIDIA A10G, 0 %, 0 %, 0 MiB, 23028 MiB
2026/02/24 20:17:00.004, 0, NVIDIA A10G, 0 %, 0 %, 1247 MiB, 23028 MiB
2026/02/24 20:17:00.004, 1, NVIDIA A10G, 0 %, 0 %, 0 MiB, 23028 MiB
2026/02/24 20:17:00.004, 2, NVIDIA A10G, 0 %, 0 %, 0 MiB, 23028 MiB
2026/02/24 20:17:00.004, 3, NVIDIA A10G, 0 %, 0 %, 0 MiB, 23028 MiB
2026/02/24 20:17:01.005, 0, NVIDIA A10G, 0 %, 0 %, 1247 MiB, 23028 MiB
2026/02/24 20:17:01.005, 1, NVIDIA A10G, 0 %, 0 %, 0 MiB, 23028 MiB
2026/02/24 20:17:01.005, 2, NVIDIA A10G, 0 %, 0 %, 0 MiB, 23028 MiB
2026/02/24 20:17:01.005, 3, NVIDIA A10G, 0 %, 0 %, 0 MiB, 23028 MiB
2026/02/24 20:17:02.005, 0, NVIDIA A10G, 0 %, 0 %, 1247 MiB, 23028 MiB
2026/02/24 20:17:02.005, 1, NVIDIA A10G, 0 %, 0 %, 0 MiB, 23028 MiB
2026/02/24 20:17:02.005, 2, NVIDIA A10G, 0 %, 0 %, 0 MiB, 23028 MiB
2026/02/24 20:17:02.005, 3, NVIDIA A10G, 0 %, 0 %, 0 MiB, 23028 MiB
2026/02/24 20:17:03.005, 0, NVIDIA A10G, 0 %, 0 %, 1247 MiB, 23028 MiB
2026/02/24 20:17:03.005, 1, NVIDIA A10G, 0 %, 0 %, 0 MiB, 23028 MiB
2026/02/24 20:17:03.005, 2, NVIDIA A10G, 0 %, 0 %, 0 MiB, 23028 MiB
2026/02/24 20:17:03.005, 3, NVIDIA A10G, 0 %, 0 %, 0 MiB, 23028 MiB
2026/02/24 20:17:04.005, 0, NVIDIA A10G, 21 %, 6 %, 1247 MiB, 23028 MiB
2026/02/24 20:17:04.006, 1, NVIDIA A10G, 0 %, 0 %, 0 MiB, 23028 MiB
2026/02/24 20:17:04.006, 2, NVIDIA A10G, 0 %, 0 %, 0 MiB, 23028 MiB
2026/02/24 20:17:04.006, 3, NVIDIA A10G, 0 %, 0 %, 0 MiB, 23028 MiB
2026/02/24 20:17:05.006, 0, NVIDIA A10G, 22 %, 8 %, 1247 MiB, 23028 MiB
2026/02/24 20:17:05.006, 1, NVIDIA A10G, 0 %, 0 %, 0 MiB, 23028 MiB
2026/02/24 20:17:05.006, 2, NVIDIA A10G, 0 %, 0 %, 0 MiB, 23028 MiB
2026/02/24 20:17:05.006, 3, NVIDIA A10G, 0 %, 0 %, 0 MiB, 23028 MiB
2026/02/24 20:17:06.006, 0, NVIDIA A10G, 22 %, 7 %, 1247 MiB, 23028 MiB
2026/02/24 20:17:06.006, 1, NVIDIA A10G, 0 %, 0 %, 0 MiB, 23028 MiB
2026/02/24 20:17:06.006, 2, NVIDIA A10G, 0 %, 0 %, 0 MiB, 23028 MiB
2026/02/24 20:17:06.006, 3, NVIDIA A10G, 0 %, 0 %, 0 MiB, 23028 MiB
2026/02/24 20:17:07.006, 0, NVIDIA A10G, 22 %, 8 %, 1247 MiB, 23028 MiB
2026/02/24 20:17:07.006, 1, NVIDIA A10G, 0 %, 0 %, 0 MiB, 23028 MiB
2026/02/24 20:17:07.006, 2, NVIDIA A10G, 0 %, 0 %, 0 MiB, 23028 MiB
2026/02/24 20:17:07.006, 3, NVIDIA A10G, 0 %, 0 %, 0 MiB, 23028 MiB
2026/02/24 20:17:08.007, 0, NVIDIA A10G, 21 %, 7 %, 1247 MiB, 23028 MiB
2026/02/24 20:17:08.007, 1, NVIDIA A10G, 0 %, 0 %, 0 MiB, 23028 MiB
2026/02/24 20:17:08.007, 2, NVIDIA A10G, 0 %, 0 %, 0 MiB, 23028 MiB
2026/02/24 20:17:08.007, 3, NVIDIA A10G, 0 %, 0 %, 0 MiB, 23028 MiB
2026/02/24 20:17:09.007, 0, NVIDIA A10G, 14 %, 4 %, 1247 MiB, 23028 MiB
2026/02/24 20:17:09.009, 1, NVIDIA A10G, 0 %, 0 %, 0 MiB, 23028 MiB
2026/02/24 20:17:09.009, 2, NVIDIA A10G, 0 %, 0 %, 0 MiB, 23028 MiB
2026/02/24 20:17:09.009, 3, NVIDIA A10G, 0 %, 0 %, 0 MiB, 23028 MiB
2026/02/24 20:17:10.009, 0, NVIDIA A10G, 0 %, 0 %, 1247 MiB, 23028 MiB
2026/02/24 20:17:10.009, 1, NVIDIA A10G, 0 %, 0 %, 0 MiB, 23028 MiB
2026/02/24 20:17:10.009, 2, NVIDIA A10G, 0 %, 0 %, 0 MiB, 23028 MiB
2026/02/24 20:17:10.010, 3, NVIDIA A10G, 0 %, 0 %, 0 MiB, 23028 MiB
2026/02/24 20:17:11.010, 0, NVIDIA A10G, 0 %, 0 %, 1247 MiB, 23028 MiB
2026/02/24 20:17:11.010, 1, NVIDIA A10G, 0 %, 0 %, 0 MiB, 23028 MiB
2026/02/24 20:17:11.010, 2, NVIDIA A10G, 0 %, 0 %, 0 MiB, 23028 MiB
2026/02/24 20:17:11.010, 3, NVIDIA A10G, 0 %, 0 %, 0 MiB, 23028 MiB
2026/02/24 20:17:12.010, 0, NVIDIA A10G, 0 %, 0 %, 1247 MiB, 23028 MiB
2026/02/24 20:17:12.010, 1, NVIDIA A10G, 0 %, 0 %, 0 MiB, 23028 MiB
2026/02/24 20:17:12.010, 2, NVIDIA A10G, 0 %, 0 %, 0 MiB, 23028 MiB
2026/02/24 20:17:12.010, 3, NVIDIA A10G, 0 %, 0 %, 0 MiB, 23028 MiB
2026/02/24 20:17:13.010, 0, NVIDIA A10G, 0 %, 0 %, 1247 MiB, 23028 MiB
2026/02/24 20:17:13.011, 1, NVIDIA A10G, 0 %, 0 %, 0 MiB, 23028 MiB
2026/02/24 20:17:13.011, 2, NVIDIA A10G, 0 %, 0 %, 0 MiB, 23028 MiB
2026/02/24 20:17:13.011, 3, NVIDIA A10G, 0 %, 0 %, 0 MiB, 23028 MiB
2026/02/24 20:17:14.011, 0, NVIDIA A10G, 0 %, 0 %, 1247 MiB, 23028 MiB
2026/02/24 20:17:14.011, 1, NVIDIA A10G, 0 %, 0 %, 0 MiB, 23028 MiB
2026/02/24 20:17:14.011, 2, NVIDIA A10G, 0 %, 0 %, 0 MiB, 23028 MiB
2026/02/24 20:17:14.011, 3, NVIDIA A10G, 0 %, 0 %, 0 MiB, 23028 MiB
2026/02/24 20:17:15.011, 0, NVIDIA A10G, 0 %, 0 %, 1247 MiB, 23028 MiB
2026/02/24 20:17:15.011, 1, NVIDIA A10G, 0 %, 0 %, 0 MiB, 23028 MiB
2026/02/24 20:17:15.011, 2, NVIDIA A10G, 0 %, 0 %, 0 MiB, 23028 MiB
2026/02/24 20:17:15.012, 3, NVIDIA A10G, 0 %, 0 %, 0 MiB, 23028 MiB
2026/02/24 20:17:16.012, 0, NVIDIA A10G, 66 %, 42 %, 1659 MiB, 23028 MiB
2026/02/24 20:17:16.012, 1, NVIDIA A10G, 0 %, 0 %, 0 MiB, 23028 MiB
2026/02/24 20:17:16.012, 2, NVIDIA A10G, 0 %, 0 %, 0 MiB, 23028 MiB
2026/02/24 20:17:16.012, 3, NVIDIA A10G, 0 %, 0 %, 0 MiB, 23028 MiB
2026/02/24 20:17:17.012, 0, NVIDIA A10G, 21 %, 7 %, 1659 MiB, 23028 MiB
2026/02/24 20:17:17.012, 1, NVIDIA A10G, 0 %, 0 %, 0 MiB, 23028 MiB
2026/02/24 20:17:17.012, 2, NVIDIA A10G, 0 %, 0 %, 0 MiB, 23028 MiB
2026/02/24 20:17:17.012, 3, NVIDIA A10G, 0 %, 0 %, 0 MiB, 23028 MiB
2026/02/24 20:17:18.012, 0, NVIDIA A10G, 23 %, 8 %, 1659 MiB, 23028 MiB
2026/02/24 20:17:18.012, 1, NVIDIA A10G, 0 %, 0 %, 0 MiB, 23028 MiB
2026/02/24 20:17:18.012, 2, NVIDIA A10G, 0 %, 0 %, 0 MiB, 23028 MiB
2026/02/24 20:17:18.013, 3, NVIDIA A10G, 0 %, 0 %, 0 MiB, 23028 MiB
2026/02/24 20:17:19.013, 0, NVIDIA A10G, 21 %, 7 %, 1659 MiB, 23028 MiB
2026/02/24 20:17:19.013, 1, NVIDIA A10G, 0 %, 0 %, 0 MiB, 23028 MiB
2026/02/24 20:17:19.013, 2, NVIDIA A10G, 0 %, 0 %, 0 MiB, 23028 MiB
2026/02/24 20:17:19.013, 3, NVIDIA A10G, 0 %, 0 %, 0 MiB, 23028 MiB
2026/02/24 20:17:20.013, 0, NVIDIA A10G, 21 %, 7 %, 1659 MiB, 23028 MiB
2026/02/24 20:17:20.013, 1, NVIDIA A10G, 0 %, 0 %, 0 MiB, 23028 MiB
2026/02/24 20:17:20.013, 2, NVIDIA A10G, 0 %, 0 %, 0 MiB, 23028 MiB
2026/02/24 20:17:20.013, 3, NVIDIA A10G, 0 %, 0 %, 0 MiB, 23028 MiB
2026/02/24 20:17:21.013, 0, NVIDIA A10G, 21 %, 7 %, 1659 MiB, 23028 MiB
2026/02/24 20:17:21.013, 1, NVIDIA A10G, 0 %, 0 %, 0 MiB, 23028 MiB
2026/02/24 20:17:21.013, 2, NVIDIA A10G, 0 %, 0 %, 0 MiB, 23028 MiB
2026/02/24 20:17:21.013, 3, NVIDIA A10G, 0 %, 0 %, 0 MiB, 23028 MiB
2026/02/24 20:17:22.013, 0, NVIDIA A10G, 22 %, 7 %, 1659 MiB, 23028 MiB
2026/02/24 20:17:22.014, 1, NVIDIA A10G, 0 %, 0 %, 0 MiB, 23028 MiB
2026/02/24 20:17:22.014, 2, NVIDIA A10G, 0 %, 0 %, 0 MiB, 23028 MiB
2026/02/24 20:17:22.014, 3, NVIDIA A10G, 0 %, 0 %, 0 MiB, 23028 MiB
2026/02/24 20:17:23.014, 0, NVIDIA A10G, 24 %, 8 %, 1659 MiB, 23028 MiB
2026/02/24 20:17:23.014, 1, NVIDIA A10G, 0 %, 0 %, 0 MiB, 23028 MiB
2026/02/24 20:17:23.014, 2, NVIDIA A10G, 0 %, 0 %, 0 MiB, 23028 MiB
2026/02/24 20:17:23.014, 3, NVIDIA A10G, 0 %, 0 %, 0 MiB, 23028 MiB
2026/02/24 20:17:24.014, 0, NVIDIA A10G, 24 %, 8 %, 1659 MiB, 23028 MiB
2026/02/24 20:17:24.014, 1, NVIDIA A10G, 0 %, 0 %, 0 MiB, 23028 MiB
2026/02/24 20:17:24.014, 2, NVIDIA A10G, 0 %, 0 %, 0 MiB, 23028 MiB
2026/02/24 20:17:24.014, 3, NVIDIA A10G, 0 %, 0 %, 0 MiB, 23028 MiB
2026/02/24 20:17:25.014, 0, NVIDIA A10G, 0 %, 0 %, 1659 MiB, 23028 MiB
2026/02/24 20:17:25.014, 1, NVIDIA A10G, 0 %, 0 %, 0 MiB, 23028 MiB
2026/02/24 20:17:25.015, 2, NVIDIA A10G, 0 %, 0 %, 0 MiB, 23028 MiB
2026/02/24 20:17:25.015, 3, NVIDIA A10G, 0 %, 0 %, 0 MiB, 23028 MiB
2026/02/24 20:17:26.015, 0, NVIDIA A10G, 0 %, 0 %, 1659 MiB, 23028 MiB
2026/02/24 20:17:26.015, 1, NVIDIA A10G, 0 %, 0 %, 0 MiB, 23028 MiB
2026/02/24 20:17:26.015, 2, NVIDIA A10G, 0 %, 0 %, 0 MiB, 23028 MiB
2026/02/24 20:17:26.015, 3, NVIDIA A10G, 0 %, 0 %, 0 MiB, 23028 MiB
2026/02/24 20:17:27.015, 0, NVIDIA A10G, 0 %, 0 %, 1659 MiB, 23028 MiB
2026/02/24 20:17:27.015, 1, NVIDIA A10G, 0 %, 0 %, 0 MiB, 23028 MiB
2026/02/24 20:17:27.015, 2, NVIDIA A10G, 0 %, 0 %, 0 MiB, 23028 MiB
2026/02/24 20:17:27.015, 3, NVIDIA A10G, 0 %, 0 %, 0 MiB, 23028 MiB
2026/02/24 20:17:28.015, 0, NVIDIA A10G, 0 %, 0 %, 1659 MiB, 23028 MiB
2026/02/24 20:17:28.015, 1, NVIDIA A10G, 0 %, 0 %, 0 MiB, 23028 MiB
2026/02/24 20:17:28.016, 2, NVIDIA A10G, 0 %, 0 %, 0 MiB, 23028 MiB
2026/02/24 20:17:28.016, 3, NVIDIA A10G, 0 %, 0 %, 0 MiB, 23028 MiB
2026/02/24 20:17:29.017, 0, NVIDIA A10G, 0 %, 0 %, 1659 MiB, 23028 MiB
2026/02/24 20:17:29.017, 1, NVIDIA A10G, 0 %, 0 %, 0 MiB, 23028 MiB
2026/02/24 20:17:29.018, 2, NVIDIA A10G, 0 %, 0 %, 0 MiB, 23028 MiB
2026/02/24 20:17:29.018, 3, NVIDIA A10G, 0 %, 0 %, 0 MiB, 23028 MiB
2026/02/24 20:17:30.029, 0, NVIDIA A10G, 0 %, 0 %, 1659 MiB, 23028 MiB
2026/02/24 20:17:30.029, 1, NVIDIA A10G, 0 %, 0 %, 0 MiB, 23028 MiB
2026/02/24 20:17:30.029, 2, NVIDIA A10G, 0 %, 0 %, 0 MiB, 23028 MiB
2026/02/24 20:17:30.029, 3, NVIDIA A10G, 0 %, 0 %, 0 MiB, 23028 MiB
2026/02/24 20:17:31.029, 0, NVIDIA A10G, 0 %, 0 %, 1659 MiB, 23028 MiB
2026/02/24 20:17:31.029, 1, NVIDIA A10G, 0 %, 0 %, 0 MiB, 23028 MiB
2026/02/24 20:17:31.029, 2, NVIDIA A10G, 0 %, 0 %, 0 MiB, 23028 MiB
2026/02/24 20:17:31.029, 3, NVIDIA A10G, 0 %, 0 %, 0 MiB, 23028 MiB
2026/02/24 20:17:32.029, 0, NVIDIA A10G, 0 %, 0 %, 2043 MiB, 23028 MiB
2026/02/24 20:17:32.029, 1, NVIDIA A10G, 0 %, 0 %, 0 MiB, 23028 MiB
2026/02/24 20:17:32.029, 2, NVIDIA A10G, 0 %, 0 %, 0 MiB, 23028 MiB
2026/02/24 20:17:32.029, 3, NVIDIA A10G, 0 %, 0 %, 0 MiB, 23028 MiB
2026/02/24 20:17:33.029, 0, NVIDIA A10G, 22 %, 7 %, 2043 MiB, 23028 MiB
2026/02/24 20:17:33.030, 1, NVIDIA A10G, 0 %, 0 %, 0 MiB, 23028 MiB
2026/02/24 20:17:33.030, 2, NVIDIA A10G, 0 %, 0 %, 0 MiB, 23028 MiB
2026/02/24 20:17:33.030, 3, NVIDIA A10G, 0 %, 0 %, 0 MiB, 23028 MiB
2026/02/24 20:17:34.030, 0, NVIDIA A10G, 23 %, 8 %, 2043 MiB, 23028 MiB
2026/02/24 20:17:34.030, 1, NVIDIA A10G, 0 %, 0 %, 0 MiB, 23028 MiB
2026/02/24 20:17:34.030, 2, NVIDIA A10G, 0 %, 0 %, 0 MiB, 23028 MiB
2026/02/24 20:17:34.030, 3, NVIDIA A10G, 0 %, 0 %, 0 MiB, 23028 MiB
2026/02/24 20:17:35.030, 0, NVIDIA A10G, 22 %, 7 %, 2043 MiB, 23028 MiB
2026/02/24 20:17:35.030, 1, NVIDIA A10G, 0 %, 0 %, 0 MiB, 23028 MiB
2026/02/24 20:17:35.030, 2, NVIDIA A10G, 0 %, 0 %, 0 MiB, 23028 MiB
2026/02/24 20:17:35.030, 3, NVIDIA A10G, 0 %, 0 %, 0 MiB, 23028 MiB
2026/02/24 20:17:36.030, 0, NVIDIA A10G, 24 %, 8 %, 2043 MiB, 23028 MiB
2026/02/24 20:17:36.030, 1, NVIDIA A10G, 0 %, 0 %, 0 MiB, 23028 MiB
2026/02/24 20:17:36.031, 2, NVIDIA A10G, 0 %, 0 %, 0 MiB, 23028 MiB
2026/02/24 20:17:36.031, 3, NVIDIA A10G, 0 %, 0 %, 0 MiB, 23028 MiB
2026/02/24 20:17:37.031, 0, NVIDIA A10G, 22 %, 8 %, 2043 MiB, 23028 MiB
2026/02/24 20:17:37.031, 1, NVIDIA A10G, 0 %, 0 %, 0 MiB, 23028 MiB
2026/02/24 20:17:37.031, 2, NVIDIA A10G, 0 %, 0 %, 0 MiB, 23028 MiB
2026/02/24 20:17:37.031, 3, NVIDIA A10G, 0 %, 0 %, 0 MiB, 23028 MiB
2026/02/24 20:17:38.031, 0, NVIDIA A10G, 23 %, 8 %, 2043 MiB, 23028 MiB
2026/02/24 20:17:38.031, 1, NVIDIA A10G, 0 %, 0 %, 0 MiB, 23028 MiB
2026/02/24 20:17:38.031, 2, NVIDIA A10G, 0 %, 0 %, 0 MiB, 23028 MiB
2026/02/24 20:17:38.031, 3, NVIDIA A10G, 0 %, 0 %, 0 MiB, 23028 MiB
2026/02/24 20:17:39.031, 0, NVIDIA A10G, 22 %, 7 %, 2043 MiB, 23028 MiB
2026/02/24 20:17:39.033, 1, NVIDIA A10G, 0 %, 0 %, 0 MiB, 23028 MiB
2026/02/24 20:17:39.033, 2, NVIDIA A10G, 0 %, 0 %, 0 MiB, 23028 MiB
2026/02/24 20:17:39.033, 3, NVIDIA A10G, 0 %, 0 %, 0 MiB, 23028 MiB
2026/02/24 20:17:40.033, 0, NVIDIA A10G, 24 %, 9 %, 2045 MiB, 23028 MiB
2026/02/24 20:17:40.033, 1, NVIDIA A10G, 0 %, 0 %, 0 MiB, 23028 MiB
2026/02/24 20:17:40.033, 2, NVIDIA A10G, 0 %, 0 %, 0 MiB, 23028 MiB
2026/02/24 20:17:40.033, 3, NVIDIA A10G, 0 %, 0 %, 0 MiB, 23028 MiB
2026/02/24 20:17:41.034, 0, NVIDIA A10G, 0 %, 0 %, 2045 MiB, 23028 MiB
2026/02/24 20:17:41.034, 1, NVIDIA A10G, 0 %, 0 %, 0 MiB, 23028 MiB
2026/02/24 20:17:41.034, 2, NVIDIA A10G, 0 %, 0 %, 0 MiB, 23028 MiB
2026/02/24 20:17:41.034, 3, NVIDIA A10G, 0 %, 0 %, 0 MiB, 23028 MiB
2026/02/24 20:17:42.034, 0, NVIDIA A10G, 0 %, 0 %, 2045 MiB, 23028 MiB
2026/02/24 20:17:42.034, 1, NVIDIA A10G, 0 %, 0 %, 0 MiB, 23028 MiB
2026/02/24 20:17:42.034, 2, NVIDIA A10G, 0 %, 0 %, 0 MiB, 23028 MiB
2026/02/24 20:17:42.034, 3, NVIDIA A10G, 0 %, 0 %, 0 MiB, 23028 MiB
2026/02/24 20:17:43.034, 0, NVIDIA A10G, 0 %, 0 %, 2045 MiB, 23028 MiB
2026/02/24 20:17:43.035, 1, NVIDIA A10G, 0 %, 0 %, 0 MiB, 23028 MiB
2026/02/24 20:17:43.035, 2, NVIDIA A10G, 0 %, 0 %, 0 MiB, 23028 MiB
2026/02/24 20:17:43.035, 3, NVIDIA A10G, 0 %, 0 %, 0 MiB, 23028 MiB
2026/02/24 20:17:44.035, 0, NVIDIA A10G, 0 %, 0 %, 2045 MiB, 23028 MiB
2026/02/24 20:17:44.035, 1, NVIDIA A10G, 0 %, 0 %, 0 MiB, 23028 MiB
2026/02/24 20:17:44.035, 2, NVIDIA A10G, 0 %, 0 %, 0 MiB, 23028 MiB
2026/02/24 20:17:44.035, 3, NVIDIA A10G, 0 %, 0 %, 0 MiB, 23028 MiB
2026/02/24 20:17:45.035, 0, NVIDIA A10G, 0 %, 0 %, 2045 MiB, 23028 MiB
2026/02/24 20:17:45.035, 1, NVIDIA A10G, 0 %, 0 %, 0 MiB, 23028 MiB
2026/02/24 20:17:45.035, 2, NVIDIA A10G, 0 %, 0 %, 0 MiB, 23028 MiB
2026/02/24 20:17:45.036, 3, NVIDIA A10G, 0 %, 0 %, 0 MiB, 23028 MiB
2026/02/24 20:17:46.036, 0, NVIDIA A10G, 0 %, 0 %, 2045 MiB, 23028 MiB
2026/02/24 20:17:46.036, 1, NVIDIA A10G, 0 %, 0 %, 0 MiB, 23028 MiB
2026/02/24 20:17:46.036, 2, NVIDIA A10G, 0 %, 0 %, 0 MiB, 23028 MiB
2026/02/24 20:17:46.036, 3, NVIDIA A10G, 0 %, 0 %, 0 MiB, 23028 MiB
2026/02/24 20:17:47.036, 0, NVIDIA A10G, 22 %, 7 %, 2045 MiB, 23028 MiB
2026/02/24 20:17:47.036, 1, NVIDIA A10G, 0 %, 0 %, 0 MiB, 23028 MiB
2026/02/24 20:17:47.036, 2, NVIDIA A10G, 0 %, 0 %, 0 MiB, 23028 MiB
2026/02/24 20:17:47.036, 3, NVIDIA A10G, 0 %, 0 %, 0 MiB, 23028 MiB
2026/02/24 20:17:48.037, 0, NVIDIA A10G, 24 %, 9 %, 2045 MiB, 23028 MiB
2026/02/24 20:17:48.037, 1, NVIDIA A10G, 0 %, 0 %, 0 MiB, 23028 MiB
2026/02/24 20:17:48.037, 2, NVIDIA A10G, 0 %, 0 %, 0 MiB, 23028 MiB
2026/02/24 20:17:48.037, 3, NVIDIA A10G, 0 %, 0 %, 0 MiB, 23028 MiB
2026/02/24 20:17:49.037, 0, NVIDIA A10G, 21 %, 7 %, 2045 MiB, 23028 MiB
2026/02/24 20:17:49.037, 1, NVIDIA A10G, 0 %, 0 %, 0 MiB, 23028 MiB
2026/02/24 20:17:49.037, 2, NVIDIA A10G, 0 %, 0 %, 0 MiB, 23028 MiB
2026/02/24 20:17:49.037, 3, NVIDIA A10G, 0 %, 0 %, 0 MiB, 23028 MiB
2026/02/24 20:17:50.037, 0, NVIDIA A10G, 20 %, 7 %, 2045 MiB, 23028 MiB
2026/02/24 20:17:50.037, 1, NVIDIA A10G, 0 %, 0 %, 0 MiB, 23028 MiB
2026/02/24 20:17:50.037, 2, NVIDIA A10G, 0 %, 0 %, 0 MiB, 23028 MiB
2026/02/24 20:17:50.037, 3, NVIDIA A10G, 0 %, 0 %, 0 MiB, 23028 MiB
2026/02/24 20:17:51.038, 0, NVIDIA A10G, 20 %, 6 %, 2045 MiB, 23028 MiB
2026/02/24 20:17:51.038, 1, NVIDIA A10G, 0 %, 0 %, 0 MiB, 23028 MiB
2026/02/24 20:17:51.038, 2, NVIDIA A10G, 0 %, 0 %, 0 MiB, 23028 MiB
2026/02/24 20:17:51.038, 3, NVIDIA A10G, 0 %, 0 %, 0 MiB, 23028 MiB
2026/02/24 20:17:52.038, 0, NVIDIA A10G, 20 %, 6 %, 2045 MiB, 23028 MiB
2026/02/24 20:17:52.038, 1, NVIDIA A10G, 0 %, 0 %, 0 MiB, 23028 MiB
2026/02/24 20:17:52.038, 2, NVIDIA A10G, 0 %, 0 %, 0 MiB, 23028 MiB
2026/02/24 20:17:52.038, 3, NVIDIA A10G, 0 %, 0 %, 0 MiB, 23028 MiB
2026/02/24 20:17:53.038, 0, NVIDIA A10G, 23 %, 8 %, 2045 MiB, 23028 MiB
2026/02/24 20:17:53.038, 1, NVIDIA A10G, 0 %, 0 %, 0 MiB, 23028 MiB
2026/02/24 20:17:53.038, 2, NVIDIA A10G, 0 %, 0 %, 0 MiB, 23028 MiB
2026/02/24 20:17:53.038, 3, NVIDIA A10G, 0 %, 0 %, 0 MiB, 23028 MiB
2026/02/24 20:17:54.038, 0, NVIDIA A10G, 0 %, 0 %, 2045 MiB, 23028 MiB
2026/02/24 20:17:54.039, 1, NVIDIA A10G, 0 %, 0 %, 0 MiB, 23028 MiB
2026/02/24 20:17:54.039, 2, NVIDIA A10G, 0 %, 0 %, 0 MiB, 23028 MiB
2026/02/24 20:17:54.039, 3, NVIDIA A10G, 0 %, 0 %, 0 MiB, 23028 MiB
2026/02/24 20:17:55.039, 0, NVIDIA A10G, 0 %, 0 %, 2045 MiB, 23028 MiB
2026/02/24 20:17:55.039, 1, NVIDIA A10G, 0 %, 0 %, 0 MiB, 23028 MiB
2026/02/24 20:17:55.039, 2, NVIDIA A10G, 0 %, 0 %, 0 MiB, 23028 MiB
2026/02/24 20:17:55.039, 3, NVIDIA A10G, 0 %, 0 %, 0 MiB, 23028 MiB
2026/02/24 20:17:56.039, 0, NVIDIA A10G, 0 %, 0 %, 2045 MiB, 23028 MiB
2026/02/24 20:17:56.039, 1, NVIDIA A10G, 0 %, 0 %, 0 MiB, 23028 MiB
2026/02/24 20:17:56.039, 2, NVIDIA A10G, 0 %, 0 %, 0 MiB, 23028 MiB
2026/02/24 20:17:56.039, 3, NVIDIA A10G, 0 %, 0 %, 0 MiB, 23028 MiB
2026/02/24 20:17:57.039, 0, NVIDIA A10G, 0 %, 0 %, 2045 MiB, 23028 MiB
2026/02/24 20:17:57.039, 1, NVIDIA A10G, 0 %, 0 %, 0 MiB, 23028 MiB
2026/02/24 20:17:57.040, 2, NVIDIA A10G, 0 %, 0 %, 0 MiB, 23028 MiB
2026/02/24 20:17:57.040, 3, NVIDIA A10G, 0 %, 0 %, 0 MiB, 23028 MiB
2026/02/24 20:17:58.040, 0, NVIDIA A10G, 0 %, 0 %, 2045 MiB, 23028 MiB
2026/02/24 20:17:58.040, 1, NVIDIA A10G, 0 %, 0 %, 0 MiB, 23028 MiB
2026/02/24 20:17:58.040, 2, NVIDIA A10G, 0 %, 0 %, 0 MiB, 23028 MiB
2026/02/24 20:17:58.040, 3, NVIDIA A10G, 0 %, 0 %, 0 MiB, 23028 MiB
2026/02/24 20:17:59.040, 0, NVIDIA A10G, 0 %, 0 %, 2045 MiB, 23028 MiB
2026/02/24 20:17:59.040, 1, NVIDIA A10G, 0 %, 0 %, 0 MiB, 23028 MiB
2026/02/24 20:17:59.040, 2, NVIDIA A10G, 0 %, 0 %, 0 MiB, 23028 MiB
2026/02/24 20:17:59.040, 3, NVIDIA A10G, 0 %, 0 %, 0 MiB, 23028 MiB
2026/02/24 20:18:00.040, 0, NVIDIA A10G, 0 %, 0 %, 2045 MiB, 23028 MiB
2026/02/24 20:18:00.040, 1, NVIDIA A10G, 0 %, 0 %, 0 MiB, 23028 MiB
2026/02/24 20:18:00.040, 2, NVIDIA A10G, 0 %, 0 %, 0 MiB, 23028 MiB
2026/02/24 20:18:00.040, 3, NVIDIA A10G, 0 %, 0 %, 0 MiB, 23028 MiB
2026/02/24 20:18:01.041, 0, NVIDIA A10G, 0 %, 0 %, 2045 MiB, 23028 MiB
2026/02/24 20:18:01.041, 1, NVIDIA A10G, 0 %, 0 %, 0 MiB, 23028 MiB
2026/02/24 20:18:01.041, 2, NVIDIA A10G, 0 %, 0 %, 0 MiB, 23028 MiB
2026/02/24 20:18:01.041, 3, NVIDIA A10G, 0 %, 0 %, 0 MiB, 23028 MiB
2026/02/24 20:18:02.041, 0, NVIDIA A10G, 11 %, 6 %, 2045 MiB, 23028 MiB
2026/02/24 20:18:02.041, 1, NVIDIA A10G, 0 %, 0 %, 0 MiB, 23028 MiB
2026/02/24 20:18:02.041, 2, NVIDIA A10G, 0 %, 0 %, 0 MiB, 23028 MiB
2026/02/24 20:18:02.041, 3, NVIDIA A10G, 0 %, 0 %, 0 MiB, 23028 MiB
2026/02/24 20:18:03.041, 0, NVIDIA A10G, 21 %, 7 %, 2045 MiB, 23028 MiB
2026/02/24 20:18:03.041, 1, NVIDIA A10G, 0 %, 0 %, 0 MiB, 23028 MiB
2026/02/24 20:18:03.042, 2, NVIDIA A10G, 0 %, 0 %, 0 MiB, 23028 MiB
2026/02/24 20:18:03.042, 3, NVIDIA A10G, 0 %, 0 %, 0 MiB, 23028 MiB
2026/02/24 20:18:04.042, 0, NVIDIA A10G, 21 %, 7 %, 2045 MiB, 23028 MiB
2026/02/24 20:18:04.042, 1, NVIDIA A10G, 0 %, 0 %, 0 MiB, 23028 MiB
2026/02/24 20:18:04.042, 2, NVIDIA A10G, 0 %, 0 %, 0 MiB, 23028 MiB
2026/02/24 20:18:04.042, 3, NVIDIA A10G, 0 %, 0 %, 0 MiB, 23028 MiB
2026/02/24 20:18:05.042, 0, NVIDIA A10G, 20 %, 7 %, 2045 MiB, 23028 MiB
2026/02/24 20:18:05.042, 1, NVIDIA A10G, 0 %, 0 %, 0 MiB, 23028 MiB
2026/02/24 20:18:05.042, 2, NVIDIA A10G, 0 %, 0 %, 0 MiB, 23028 MiB
2026/02/24 20:18:05.042, 3, NVIDIA A10G, 0 %, 0 %, 0 MiB, 23028 MiB
2026/02/24 20:18:06.042, 0, NVIDIA A10G, 22 %, 7 %, 2045 MiB, 23028 MiB
2026/02/24 20:18:06.042, 1, NVIDIA A10G, 0 %, 0 %, 0 MiB, 23028 MiB
2026/02/24 20:18:06.042, 2, NVIDIA A10G, 0 %, 0 %, 0 MiB, 23028 MiB
2026/02/24 20:18:06.042, 3, NVIDIA A10G, 0 %, 0 %, 0 MiB, 23028 MiB
2026/02/24 20:18:07.043, 0, NVIDIA A10G, 21 %, 7 %, 2045 MiB, 23028 MiB
2026/02/24 20:18:07.043, 1, NVIDIA A10G, 0 %, 0 %, 0 MiB, 23028 MiB
2026/02/24 20:18:07.043, 2, NVIDIA A10G, 0 %, 0 %, 0 MiB, 23028 MiB
2026/02/24 20:18:07.043, 3, NVIDIA A10G, 0 %, 0 %, 0 MiB, 23028 MiB
2026/02/24 20:18:08.043, 0, NVIDIA A10G, 22 %, 8 %, 2045 MiB, 23028 MiB
2026/02/24 20:18:08.043, 1, NVIDIA A10G, 0 %, 0 %, 0 MiB, 23028 MiB
2026/02/24 20:18:08.043, 2, NVIDIA A10G, 0 %, 0 %, 0 MiB, 23028 MiB
2026/02/24 20:18:08.043, 3, NVIDIA A10G, 0 %, 0 %, 0 MiB, 23028 MiB
2026/02/24 20:18:09.043, 0, NVIDIA A10G, 23 %, 8 %, 2045 MiB, 23028 MiB
2026/02/24 20:18:09.043, 1, NVIDIA A10G, 0 %, 0 %, 0 MiB, 23028 MiB
2026/02/24 20:18:09.043, 2, NVIDIA A10G, 0 %, 0 %, 0 MiB, 23028 MiB
2026/02/24 20:18:09.043, 3, NVIDIA A10G, 0 %, 0 %, 0 MiB, 23028 MiB
2026/02/24 20:18:10.043, 0, NVIDIA A10G, 22 %, 8 %, 2045 MiB, 23028 MiB
2026/02/24 20:18:10.043, 1, NVIDIA A10G, 0 %, 0 %, 0 MiB, 23028 MiB
2026/02/24 20:18:10.043, 2, NVIDIA A10G, 0 %, 0 %, 0 MiB, 23028 MiB
2026/02/24 20:18:10.044, 3, NVIDIA A10G, 0 %, 0 %, 0 MiB, 23028 MiB
2026/02/24 20:18:11.044, 0, NVIDIA A10G, 22 %, 8 %, 2045 MiB, 23028 MiB
2026/02/24 20:18:11.044, 1, NVIDIA A10G, 0 %, 0 %, 0 MiB, 23028 MiB
2026/02/24 20:18:11.044, 2, NVIDIA A10G, 0 %, 0 %, 0 MiB, 23028 MiB
2026/02/24 20:18:11.044, 3, NVIDIA A10G, 0 %, 0 %, 0 MiB, 23028 MiB
2026/02/24 20:18:12.044, 0, NVIDIA A10G, 16 %, 5 %, 2045 MiB, 23028 MiB
2026/02/24 20:18:12.044, 1, NVIDIA A10G, 0 %, 0 %, 0 MiB, 23028 MiB
2026/02/24 20:18:12.044, 2, NVIDIA A10G, 0 %, 0 %, 0 MiB, 23028 MiB
2026/02/24 20:18:12.044, 3, NVIDIA A10G, 0 %, 0 %, 0 MiB, 23028 MiB
2026/02/24 20:18:13.045, 0, NVIDIA A10G, 0 %, 0 %, 2045 MiB, 23028 MiB
2026/02/24 20:18:13.045, 1, NVIDIA A10G, 0 %, 0 %, 0 MiB, 23028 MiB
2026/02/24 20:18:13.045, 2, NVIDIA A10G, 0 %, 0 %, 0 MiB, 23028 MiB
2026/02/24 20:18:13.045, 3, NVIDIA A10G, 0 %, 0 %, 0 MiB, 23028 MiB
2026/02/24 20:18:14.045, 0, NVIDIA A10G, 0 %, 0 %, 2045 MiB, 23028 MiB
2026/02/24 20:18:14.045, 1, NVIDIA A10G, 0 %, 0 %, 0 MiB, 23028 MiB
2026/02/24 20:18:14.045, 2, NVIDIA A10G, 0 %, 0 %, 0 MiB, 23028 MiB
2026/02/24 20:18:14.045, 3, NVIDIA A10G, 0 %, 0 %, 0 MiB, 23028 MiB
2026/02/24 20:18:15.045, 0, NVIDIA A10G, 0 %, 0 %, 2045 MiB, 23028 MiB
2026/02/24 20:18:15.046, 1, NVIDIA A10G, 0 %, 0 %, 0 MiB, 23028 MiB
2026/02/24 20:18:15.046, 2, NVIDIA A10G, 0 %, 0 %, 0 MiB, 23028 MiB
2026/02/24 20:18:15.046, 3, NVIDIA A10G, 0 %, 0 %, 0 MiB, 23028 MiB
2026/02/24 20:18:16.046, 0, NVIDIA A10G, 0 %, 0 %, 2045 MiB, 23028 MiB
2026/02/24 20:18:16.046, 1, NVIDIA A10G, 0 %, 0 %, 0 MiB, 23028 MiB
2026/02/24 20:18:16.046, 2, NVIDIA A10G, 0 %, 0 %, 0 MiB, 23028 MiB
2026/02/24 20:18:16.046, 3, NVIDIA A10G, 0 %, 0 %, 0 MiB, 23028 MiB
2026/02/24 20:18:17.046, 0, NVIDIA A10G, 0 %, 0 %, 2045 MiB, 23028 MiB
2026/02/24 20:18:17.047, 1, NVIDIA A10G, 0 %, 0 %, 0 MiB, 23028 MiB
2026/02/24 20:18:17.047, 2, NVIDIA A10G, 0 %, 0 %, 0 MiB, 23028 MiB
2026/02/24 20:18:17.048, 3, NVIDIA A10G, 0 %, 0 %, 0 MiB, 23028 MiB
2026/02/24 20:18:18.048, 0, NVIDIA A10G, 0 %, 0 %, 2045 MiB, 23028 MiB
2026/02/24 20:18:18.048, 1, NVIDIA A10G, 0 %, 0 %, 0 MiB, 23028 MiB
2026/02/24 20:18:18.048, 2, NVIDIA A10G, 0 %, 0 %, 0 MiB, 23028 MiB
2026/02/24 20:18:18.048, 3, NVIDIA A10G, 0 %, 0 %, 0 MiB, 23028 MiB
2026/02/24 20:18:19.048, 0, NVIDIA A10G, 0 %, 0 %, 2045 MiB, 23028 MiB
2026/02/24 20:18:19.048, 1, NVIDIA A10G, 0 %, 0 %, 0 MiB, 23028 MiB
2026/02/24 20:18:19.048, 2, NVIDIA A10G, 0 %, 0 %, 0 MiB, 23028 MiB
2026/02/24 20:18:19.048, 3, NVIDIA A10G, 0 %, 0 %, 0 MiB, 23028 MiB
2026/02/24 20:18:20.048, 0, NVIDIA A10G, 41 %, 23 %, 2045 MiB, 23028 MiB
2026/02/24 20:18:20.048, 1, NVIDIA A10G, 0 %, 0 %, 0 MiB, 23028 MiB
2026/02/24 20:18:20.049, 2, NVIDIA A10G, 0 %, 0 %, 0 MiB, 23028 MiB
2026/02/24 20:18:20.049, 3, NVIDIA A10G, 0 %, 0 %, 0 MiB, 23028 MiB
2026/02/24 20:18:21.049, 0, NVIDIA A10G, 19 %, 6 %, 2045 MiB, 23028 MiB
2026/02/24 20:18:21.049, 1, NVIDIA A10G, 0 %, 0 %, 0 MiB, 23028 MiB
2026/02/24 20:18:21.049, 2, NVIDIA A10G, 0 %, 0 %, 0 MiB, 23028 MiB
2026/02/24 20:18:21.049, 3, NVIDIA A10G, 0 %, 0 %, 0 MiB, 23028 MiB
2026/02/24 20:18:22.049, 0, NVIDIA A10G, 20 %, 6 %, 2045 MiB, 23028 MiB
2026/02/24 20:18:22.049, 1, NVIDIA A10G, 0 %, 0 %, 0 MiB, 23028 MiB
2026/02/24 20:18:22.049, 2, NVIDIA A10G, 0 %, 0 %, 0 MiB, 23028 MiB
2026/02/24 20:18:22.049, 3, NVIDIA A10G, 0 %, 0 %, 0 MiB, 23028 MiB
2026/02/24 20:18:23.049, 0, NVIDIA A10G, 19 %, 6 %, 2045 MiB, 23028 MiB
2026/02/24 20:18:23.049, 1, NVIDIA A10G, 0 %, 0 %, 0 MiB, 23028 MiB
2026/02/24 20:18:23.049, 2, NVIDIA A10G, 0 %, 0 %, 0 MiB, 23028 MiB
2026/02/24 20:18:23.049, 3, NVIDIA A10G, 0 %, 0 %, 0 MiB, 23028 MiB
2026/02/24 20:18:24.050, 0, NVIDIA A10G, 23 %, 8 %, 2045 MiB, 23028 MiB
2026/02/24 20:18:24.050, 1, NVIDIA A10G, 0 %, 0 %, 0 MiB, 23028 MiB
2026/02/24 20:18:24.050, 2, NVIDIA A10G, 0 %, 0 %, 0 MiB, 23028 MiB
2026/02/24 20:18:24.050, 3, NVIDIA A10G, 0 %, 0 %, 0 MiB, 23028 MiB
2026/02/24 20:18:25.050, 0, NVIDIA A10G, 19 %, 6 %, 2045 MiB, 23028 MiB
2026/02/24 20:18:25.050, 1, NVIDIA A10G, 0 %, 0 %, 0 MiB, 23028 MiB
2026/02/24 20:18:25.050, 2, NVIDIA A10G, 0 %, 0 %, 0 MiB, 23028 MiB
2026/02/24 20:18:25.050, 3, NVIDIA A10G, 0 %, 0 %, 0 MiB, 23028 MiB
2026/02/24 20:18:26.050, 0, NVIDIA A10G, 21 %, 7 %, 2045 MiB, 23028 MiB
2026/02/24 20:18:26.050, 1, NVIDIA A10G, 0 %, 0 %, 0 MiB, 23028 MiB
2026/02/24 20:18:26.050, 2, NVIDIA A10G, 0 %, 0 %, 0 MiB, 23028 MiB
2026/02/24 20:18:26.050, 3, NVIDIA A10G, 0 %, 0 %, 0 MiB, 23028 MiB
2026/02/24 20:18:27.050, 0, NVIDIA A10G, 20 %, 7 %, 2045 MiB, 23028 MiB
2026/02/24 20:18:27.051, 1, NVIDIA A10G, 0 %, 0 %, 0 MiB, 23028 MiB
2026/02/24 20:18:27.051, 2, NVIDIA A10G, 0 %, 0 %, 0 MiB, 23028 MiB
2026/02/24 20:18:27.051, 3, NVIDIA A10G, 0 %, 0 %, 0 MiB, 23028 MiB
2026/02/24 20:18:28.051, 0, NVIDIA A10G, 21 %, 7 %, 2045 MiB, 23028 MiB
2026/02/24 20:18:28.051, 1, NVIDIA A10G, 0 %, 0 %, 0 MiB, 23028 MiB
2026/02/24 20:18:28.051, 2, NVIDIA A10G, 0 %, 0 %, 0 MiB, 23028 MiB
2026/02/24 20:18:28.051, 3, NVIDIA A10G, 0 %, 0 %, 0 MiB, 23028 MiB
2026/02/24 20:18:29.051, 0, NVIDIA A10G, 18 %, 6 %, 2045 MiB, 23028 MiB
2026/02/24 20:18:29.051, 1, NVIDIA A10G, 0 %, 0 %, 0 MiB, 23028 MiB
2026/02/24 20:18:29.051, 2, NVIDIA A10G, 0 %, 0 %, 0 MiB, 23028 MiB
2026/02/24 20:18:29.052, 3, NVIDIA A10G, 0 %, 0 %, 0 MiB, 23028 MiB
2026/02/24 20:18:30.052, 0, NVIDIA A10G, 22 %, 8 %, 2045 MiB, 23028 MiB
2026/02/24 20:18:30.052, 1, NVIDIA A10G, 0 %, 0 %, 0 MiB, 23028 MiB
2026/02/24 20:18:30.052, 2, NVIDIA A10G, 0 %, 0 %, 0 MiB, 23028 MiB
2026/02/24 20:18:30.052, 3, NVIDIA A10G, 0 %, 0 %, 0 MiB, 23028 MiB
2026/02/24 20:18:31.052, 0, NVIDIA A10G, 22 %, 8 %, 2045 MiB, 23028 MiB
2026/02/24 20:18:31.052, 1, NVIDIA A10G, 0 %, 0 %, 0 MiB, 23028 MiB
2026/02/24 20:18:31.052, 2, NVIDIA A10G, 0 %, 0 %, 0 MiB, 23028 MiB
2026/02/24 20:18:31.052, 3, NVIDIA A10G, 0 %, 0 %, 0 MiB, 23028 MiB
2026/02/24 20:18:32.053, 0, NVIDIA A10G, 0 %, 0 %, 2045 MiB, 23028 MiB
2026/02/24 20:18:32.053, 1, NVIDIA A10G, 0 %, 0 %, 0 MiB, 23028 MiB
2026/02/24 20:18:32.053, 2, NVIDIA A10G, 0 %, 0 %, 0 MiB, 23028 MiB
2026/02/24 20:18:32.053, 3, NVIDIA A10G, 0 %, 0 %, 0 MiB, 23028 MiB
2026/02/24 20:18:33.053, 0, NVIDIA A10G, 0 %, 0 %, 2045 MiB, 23028 MiB
2026/02/24 20:18:33.053, 1, NVIDIA A10G, 0 %, 0 %, 0 MiB, 23028 MiB
2026/02/24 20:18:33.053, 2, NVIDIA A10G, 0 %, 0 %, 0 MiB, 23028 MiB
2026/02/24 20:18:33.053, 3, NVIDIA A10G, 0 %, 0 %, 0 MiB, 23028 MiB
2026/02/24 20:18:34.054, 0, NVIDIA A10G, 0 %, 0 %, 2045 MiB, 23028 MiB
2026/02/24 20:18:34.054, 1, NVIDIA A10G, 0 %, 0 %, 0 MiB, 23028 MiB
2026/02/24 20:18:34.054, 2, NVIDIA A10G, 0 %, 0 %, 0 MiB, 23028 MiB
2026/02/24 20:18:34.054, 3, NVIDIA A10G, 0 %, 0 %, 0 MiB, 23028 MiB
2026/02/24 20:18:35.054, 0, NVIDIA A10G, 13 %, 4 %, 2045 MiB, 23028 MiB
2026/02/24 20:18:35.054, 1, NVIDIA A10G, 0 %, 0 %, 0 MiB, 23028 MiB
2026/02/24 20:18:35.054, 2, NVIDIA A10G, 0 %, 0 %, 0 MiB, 23028 MiB
2026/02/24 20:18:35.054, 3, NVIDIA A10G, 0 %, 0 %, 0 MiB, 23028 MiB
2026/02/24 20:18:36.054, 0, NVIDIA A10G, 20 %, 6 %, 2045 MiB, 23028 MiB
2026/02/24 20:18:36.054, 1, NVIDIA A10G, 0 %, 0 %, 0 MiB, 23028 MiB
2026/02/24 20:18:36.054, 2, NVIDIA A10G, 0 %, 0 %, 0 MiB, 23028 MiB
2026/02/24 20:18:36.054, 3, NVIDIA A10G, 0 %, 0 %, 0 MiB, 23028 MiB
2026/02/24 20:18:37.054, 0, NVIDIA A10G, 20 %, 6 %, 2045 MiB, 23028 MiB
2026/02/24 20:18:37.054, 1, NVIDIA A10G, 0 %, 0 %, 0 MiB, 23028 MiB
2026/02/24 20:18:37.054, 2, NVIDIA A10G, 0 %, 0 %, 0 MiB, 23028 MiB
2026/02/24 20:18:37.054, 3, NVIDIA A10G, 0 %, 0 %, 0 MiB, 23028 MiB
2026/02/24 20:18:38.055, 0, NVIDIA A10G, 21 %, 7 %, 2045 MiB, 23028 MiB
2026/02/24 20:18:38.055, 1, NVIDIA A10G, 0 %, 0 %, 0 MiB, 23028 MiB
2026/02/24 20:18:38.055, 2, NVIDIA A10G, 0 %, 0 %, 0 MiB, 23028 MiB
2026/02/24 20:18:38.055, 3, NVIDIA A10G, 0 %, 0 %, 0 MiB, 23028 MiB
2026/02/24 20:18:39.055, 0, NVIDIA A10G, 0 %, 0 %, 2045 MiB, 23028 MiB
2026/02/24 20:18:39.055, 1, NVIDIA A10G, 0 %, 0 %, 0 MiB, 23028 MiB
2026/02/24 20:18:39.055, 2, NVIDIA A10G, 0 %, 0 %, 0 MiB, 23028 MiB
2026/02/24 20:18:39.055, 3, NVIDIA A10G, 0 %, 0 %, 0 MiB, 23028 MiB
2026/02/24 20:18:40.055, 0, NVIDIA A10G, 0 %, 0 %, 2045 MiB, 23028 MiB
2026/02/24 20:18:40.055, 1, NVIDIA A10G, 0 %, 0 %, 0 MiB, 23028 MiB
2026/02/24 20:18:40.055, 2, NVIDIA A10G, 0 %, 0 %, 0 MiB, 23028 MiB
2026/02/24 20:18:40.055, 3, NVIDIA A10G, 0 %, 0 %, 0 MiB, 23028 MiB
2026/02/24 20:18:41.055, 0, NVIDIA A10G, 0 %, 0 %, 2045 MiB, 23028 MiB
2026/02/24 20:18:41.056, 1, NVIDIA A10G, 0 %, 0 %, 0 MiB, 23028 MiB
2026/02/24 20:18:41.056, 2, NVIDIA A10G, 0 %, 0 %, 0 MiB, 23028 MiB
2026/02/24 20:18:41.056, 3, NVIDIA A10G, 0 %, 0 %, 0 MiB, 23028 MiB
2026/02/24 20:18:42.056, 0, NVIDIA A10G, 21 %, 7 %, 2045 MiB, 23028 MiB
2026/02/24 20:18:42.056, 1, NVIDIA A10G, 0 %, 0 %, 0 MiB, 23028 MiB
2026/02/24 20:18:42.056, 2, NVIDIA A10G, 0 %, 0 %, 0 MiB, 23028 MiB
2026/02/24 20:18:42.056, 3, NVIDIA A10G, 0 %, 0 %, 0 MiB, 23028 MiB
2026/02/24 20:18:43.056, 0, NVIDIA A10G, 21 %, 7 %, 2045 MiB, 23028 MiB
2026/02/24 20:18:43.056, 1, NVIDIA A10G, 0 %, 0 %, 0 MiB, 23028 MiB
2026/02/24 20:18:43.057, 2, NVIDIA A10G, 0 %, 0 %, 0 MiB, 23028 MiB
2026/02/24 20:18:43.057, 3, NVIDIA A10G, 0 %, 0 %, 0 MiB, 23028 MiB
2026/02/24 20:18:44.057, 0, NVIDIA A10G, 23 %, 8 %, 2045 MiB, 23028 MiB
2026/02/24 20:18:44.057, 1, NVIDIA A10G, 0 %, 0 %, 0 MiB, 23028 MiB
2026/02/24 20:18:44.057, 2, NVIDIA A10G, 0 %, 0 %, 0 MiB, 23028 MiB
2026/02/24 20:18:44.057, 3, NVIDIA A10G, 0 %, 0 %, 0 MiB, 23028 MiB
2026/02/24 20:18:45.057, 0, NVIDIA A10G, 0 %, 0 %, 2045 MiB, 23028 MiB
2026/02/24 20:18:45.057, 1, NVIDIA A10G, 0 %, 0 %, 0 MiB, 23028 MiB
2026/02/24 20:18:45.057, 2, NVIDIA A10G, 0 %, 0 %, 0 MiB, 23028 MiB
2026/02/24 20:18:45.057, 3, NVIDIA A10G, 0 %, 0 %, 0 MiB, 23028 MiB
2026/02/24 20:18:46.057, 0, NVIDIA A10G, 0 %, 0 %, 2045 MiB, 23028 MiB
2026/02/24 20:18:46.057, 1, NVIDIA A10G, 0 %, 0 %, 0 MiB, 23028 MiB
2026/02/24 20:18:46.058, 2, NVIDIA A10G, 0 %, 0 %, 0 MiB, 23028 MiB
2026/02/24 20:18:46.058, 3, NVIDIA A10G, 0 %, 0 %, 0 MiB, 23028 MiB
2026/02/24 20:18:47.058, 0, NVIDIA A10G, 0 %, 0 %, 2045 MiB, 23028 MiB
2026/02/24 20:18:47.059, 1, NVIDIA A10G, 0 %, 0 %, 0 MiB, 23028 MiB
2026/02/24 20:18:47.059, 2, NVIDIA A10G, 0 %, 0 %, 0 MiB, 23028 MiB
2026/02/24 20:18:47.059, 3, NVIDIA A10G, 0 %, 0 %, 0 MiB, 23028 MiB
2026/02/24 20:18:48.059, 0, NVIDIA A10G, 0 %, 0 %, 2045 MiB, 23028 MiB
2026/02/24 20:18:48.059, 1, NVIDIA A10G, 0 %, 0 %, 0 MiB, 23028 MiB
2026/02/24 20:18:48.059, 2, NVIDIA A10G, 0 %, 0 %, 0 MiB, 23028 MiB
2026/02/24 20:18:48.059, 3, NVIDIA A10G, 0 %, 0 %, 0 MiB, 23028 MiB
2026/02/24 20:18:49.059, 0, NVIDIA A10G, 0 %, 0 %, 2045 MiB, 23028 MiB
2026/02/24 20:18:49.060, 1, NVIDIA A10G, 0 %, 0 %, 0 MiB, 23028 MiB
2026/02/24 20:18:49.060, 2, NVIDIA A10G, 0 %, 0 %, 0 MiB, 23028 MiB
2026/02/24 20:18:49.060, 3, NVIDIA A10G, 0 %, 0 %, 0 MiB, 23028 MiB
2026/02/24 20:18:50.060, 0, NVIDIA A10G, 0 %, 0 %, 2045 MiB, 23028 MiB
2026/02/24 20:18:50.060, 1, NVIDIA A10G, 0 %, 0 %, 0 MiB, 23028 MiB
2026/02/24 20:18:50.060, 2, NVIDIA A10G, 0 %, 0 %, 0 MiB, 23028 MiB
2026/02/24 20:18:50.060, 3, NVIDIA A10G, 0 %, 0 %, 0 MiB, 23028 MiB
2026/02/24 20:18:51.060, 0, NVIDIA A10G, 0 %, 0 %, 2045 MiB, 23028 MiB
2026/02/24 20:18:51.060, 1, NVIDIA A10G, 0 %, 0 %, 0 MiB, 23028 MiB
2026/02/24 20:18:51.060, 2, NVIDIA A10G, 0 %, 0 %, 0 MiB, 23028 MiB
2026/02/24 20:18:51.060, 3, NVIDIA A10G, 0 %, 0 %, 0 MiB, 23028 MiB
2026/02/24 20:18:52.061, 0, NVIDIA A10G, 24 %, 9 %, 2045 MiB, 23028 MiB
2026/02/24 20:18:52.061, 1, NVIDIA A10G, 0 %, 0 %, 0 MiB, 23028 MiB
2026/02/24 20:18:52.061, 2, NVIDIA A10G, 0 %, 0 %, 0 MiB, 23028 MiB
2026/02/24 20:18:52.061, 3, NVIDIA A10G, 0 %, 0 %, 0 MiB, 23028 MiB
2026/02/24 20:18:53.061, 0, NVIDIA A10G, 21 %, 7 %, 2045 MiB, 23028 MiB
2026/02/24 20:18:53.061, 1, NVIDIA A10G, 0 %, 0 %, 0 MiB, 23028 MiB
2026/02/24 20:18:53.061, 2, NVIDIA A10G, 0 %, 0 %, 0 MiB, 23028 MiB
2026/02/24 20:18:53.061, 3, NVIDIA A10G, 0 %, 0 %, 0 MiB, 23028 MiB
2026/02/24 20:18:54.061, 0, NVIDIA A10G, 23 %, 8 %, 2045 MiB, 23028 MiB
2026/02/24 20:18:54.061, 1, NVIDIA A10G, 0 %, 0 %, 0 MiB, 23028 MiB
2026/02/24 20:18:54.061, 2, NVIDIA A10G, 0 %, 0 %, 0 MiB, 23028 MiB
2026/02/24 20:18:54.062, 3, NVIDIA A10G, 0 %, 0 %, 0 MiB, 23028 MiB
2026/02/24 20:18:55.062, 0, NVIDIA A10G, 21 %, 7 %, 2045 MiB, 23028 MiB
2026/02/24 20:18:55.062, 1, NVIDIA A10G, 0 %, 0 %, 0 MiB, 23028 MiB
2026/02/24 20:18:55.062, 2, NVIDIA A10G, 0 %, 0 %, 0 MiB, 23028 MiB
2026/02/24 20:18:55.062, 3, NVIDIA A10G, 0 %, 0 %, 0 MiB, 23028 MiB
2026/02/24 20:18:56.062, 0, NVIDIA A10G, 23 %, 8 %, 2045 MiB, 23028 MiB
2026/02/24 20:18:56.062, 1, NVIDIA A10G, 0 %, 0 %, 0 MiB, 23028 MiB
2026/02/24 20:18:56.062, 2, NVIDIA A10G, 0 %, 0 %, 0 MiB, 23028 MiB
2026/02/24 20:18:56.062, 3, NVIDIA A10G, 0 %, 0 %, 0 MiB, 23028 MiB
2026/02/24 20:18:57.062, 0, NVIDIA A10G, 24 %, 8 %, 2045 MiB, 23028 MiB
2026/02/24 20:18:57.062, 1, NVIDIA A10G, 0 %, 0 %, 0 MiB, 23028 MiB
2026/02/24 20:18:57.062, 2, NVIDIA A10G, 0 %, 0 %, 0 MiB, 23028 MiB
2026/02/24 20:18:57.062, 3, NVIDIA A10G, 0 %, 0 %, 0 MiB, 23028 MiB
2026/02/24 20:18:58.063, 0, NVIDIA A10G, 21 %, 7 %, 2045 MiB, 23028 MiB
2026/02/24 20:18:58.063, 1, NVIDIA A10G, 0 %, 0 %, 0 MiB, 23028 MiB
2026/02/24 20:18:58.063, 2, NVIDIA A10G, 0 %, 0 %, 0 MiB, 23028 MiB
2026/02/24 20:18:58.063, 3, NVIDIA A10G, 0 %, 0 %, 0 MiB, 23028 MiB
2026/02/24 20:18:59.063, 0, NVIDIA A10G, 14 %, 4 %, 2045 MiB, 23028 MiB
2026/02/24 20:18:59.063, 1, NVIDIA A10G, 0 %, 0 %, 0 MiB, 23028 MiB
2026/02/24 20:18:59.063, 2, NVIDIA A10G, 0 %, 0 %, 0 MiB, 23028 MiB
2026/02/24 20:18:59.063, 3, NVIDIA A10G, 0 %, 0 %, 0 MiB, 23028 MiB
2026/02/24 20:19:00.063, 0, NVIDIA A10G, 0 %, 0 %, 2045 MiB, 23028 MiB
2026/02/24 20:19:00.063, 1, NVIDIA A10G, 0 %, 0 %, 0 MiB, 23028 MiB
2026/02/24 20:19:00.063, 2, NVIDIA A10G, 0 %, 0 %, 0 MiB, 23028 MiB
2026/02/24 20:19:00.063, 3, NVIDIA A10G, 0 %, 0 %, 0 MiB, 23028 MiB
2026/02/24 20:19:01.064, 0, NVIDIA A10G, 0 %, 0 %, 2045 MiB, 23028 MiB
2026/02/24 20:19:01.064, 1, NVIDIA A10G, 0 %, 0 %, 0 MiB, 23028 MiB
2026/02/24 20:19:01.064, 2, NVIDIA A10G, 0 %, 0 %, 0 MiB, 23028 MiB
2026/02/24 20:19:01.064, 3, NVIDIA A10G, 0 %, 0 %, 0 MiB, 23028 MiB
2026/02/24 20:19:02.064, 0, NVIDIA A10G, 0 %, 0 %, 2045 MiB, 23028 MiB
2026/02/24 20:19:02.064, 1, NVIDIA A10G, 0 %, 0 %, 0 MiB, 23028 MiB
2026/02/24 20:19:02.064, 2, NVIDIA A10G, 0 %, 0 %, 0 MiB, 23028 MiB
2026/02/24 20:19:02.064, 3, NVIDIA A10G, 0 %, 0 %, 0 MiB, 23028 MiB
2026/02/24 20:19:03.064, 0, NVIDIA A10G, 0 %, 0 %, 2045 MiB, 23028 MiB
2026/02/24 20:19:03.064, 1, NVIDIA A10G, 0 %, 0 %, 0 MiB, 23028 MiB
2026/02/24 20:19:03.064, 2, NVIDIA A10G, 0 %, 0 %, 0 MiB, 23028 MiB
2026/02/24 20:19:03.064, 3, NVIDIA A10G, 0 %, 0 %, 0 MiB, 23028 MiB
2026/02/24 20:19:04.064, 0, NVIDIA A10G, 0 %, 0 %, 2045 MiB, 23028 MiB
2026/02/24 20:19:04.064, 1, NVIDIA A10G, 0 %, 0 %, 0 MiB, 23028 MiB
2026/02/24 20:19:04.064, 2, NVIDIA A10G, 0 %, 0 %, 0 MiB, 23028 MiB
2026/02/24 20:19:04.064, 3, NVIDIA A10G, 0 %, 0 %, 0 MiB, 23028 MiB
2026/02/24 20:19:05.064, 0, NVIDIA A10G, 0 %, 0 %, 2045 MiB, 23028 MiB
2026/02/24 20:19:05.065, 1, NVIDIA A10G, 0 %, 0 %, 0 MiB, 23028 MiB
2026/02/24 20:19:05.065, 2, NVIDIA A10G, 0 %, 0 %, 0 MiB, 23028 MiB
2026/02/24 20:19:05.065, 3, NVIDIA A10G, 0 %, 0 %, 0 MiB, 23028 MiB
2026/02/24 20:19:06.065, 0, NVIDIA A10G, 0 %, 0 %, 2045 MiB, 23028 MiB
2026/02/24 20:19:06.065, 1, NVIDIA A10G, 0 %, 0 %, 0 MiB, 23028 MiB
2026/02/24 20:19:06.065, 2, NVIDIA A10G, 0 %, 0 %, 0 MiB, 23028 MiB
2026/02/24 20:19:06.065, 3, NVIDIA A10G, 0 %, 0 %, 0 MiB, 23028 MiB
2026/02/24 20:19:07.065, 0, NVIDIA A10G, 0 %, 0 %, 2045 MiB, 23028 MiB
2026/02/24 20:19:07.065, 1, NVIDIA A10G, 0 %, 0 %, 0 MiB, 23028 MiB
2026/02/24 20:19:07.065, 2, NVIDIA A10G, 0 %, 0 %, 0 MiB, 23028 MiB
2026/02/24 20:19:07.065, 3, NVIDIA A10G, 0 %, 0 %, 0 MiB, 23028 MiB
2026/02/24 20:19:08.065, 0, NVIDIA A10G, 24 %, 9 %, 2047 MiB, 23028 MiB
2026/02/24 20:19:08.066, 1, NVIDIA A10G, 0 %, 0 %, 0 MiB, 23028 MiB
2026/02/24 20:19:08.066, 2, NVIDIA A10G, 0 %, 0 %, 0 MiB, 23028 MiB
2026/02/24 20:19:08.066, 3, NVIDIA A10G, 0 %, 0 %, 0 MiB, 23028 MiB
2026/02/24 20:19:09.066, 0, NVIDIA A10G, 24 %, 8 %, 2047 MiB, 23028 MiB
2026/02/24 20:19:09.066, 1, NVIDIA A10G, 0 %, 0 %, 0 MiB, 23028 MiB
2026/02/24 20:19:09.066, 2, NVIDIA A10G, 0 %, 0 %, 0 MiB, 23028 MiB
2026/02/24 20:19:09.066, 3, NVIDIA A10G, 0 %, 0 %, 0 MiB, 23028 MiB
2026/02/24 20:19:10.066, 0, NVIDIA A10G, 21 %, 7 %, 2047 MiB, 23028 MiB
2026/02/24 20:19:10.066, 1, NVIDIA A10G, 0 %, 0 %, 0 MiB, 23028 MiB
2026/02/24 20:19:10.066, 2, NVIDIA A10G, 0 %, 0 %, 0 MiB, 23028 MiB
2026/02/24 20:19:10.066, 3, NVIDIA A10G, 0 %, 0 %, 0 MiB, 23028 MiB
2026/02/24 20:19:11.066, 0, NVIDIA A10G, 22 %, 7 %, 2047 MiB, 23028 MiB
2026/02/24 20:19:11.066, 1, NVIDIA A10G, 0 %, 0 %, 0 MiB, 23028 MiB
2026/02/24 20:19:11.066, 2, NVIDIA A10G, 0 %, 0 %, 0 MiB, 23028 MiB
2026/02/24 20:19:11.066, 3, NVIDIA A10G, 0 %, 0 %, 0 MiB, 23028 MiB
2026/02/24 20:19:12.067, 0, NVIDIA A10G, 23 %, 8 %, 2047 MiB, 23028 MiB
2026/02/24 20:19:12.067, 1, NVIDIA A10G, 0 %, 0 %, 0 MiB, 23028 MiB
2026/02/24 20:19:12.067, 2, NVIDIA A10G, 0 %, 0 %, 0 MiB, 23028 MiB
2026/02/24 20:19:12.067, 3, NVIDIA A10G, 0 %, 0 %, 0 MiB, 23028 MiB
2026/02/24 20:19:13.067, 0, NVIDIA A10G, 23 %, 8 %, 2047 MiB, 23028 MiB
2026/02/24 20:19:13.067, 1, NVIDIA A10G, 0 %, 0 %, 0 MiB, 23028 MiB
2026/02/24 20:19:13.067, 2, NVIDIA A10G, 0 %, 0 %, 0 MiB, 23028 MiB
2026/02/24 20:19:13.067, 3, NVIDIA A10G, 0 %, 0 %, 0 MiB, 23028 MiB
2026/02/24 20:19:14.067, 0, NVIDIA A10G, 24 %, 9 %, 2047 MiB, 23028 MiB
2026/02/24 20:19:14.067, 1, NVIDIA A10G, 0 %, 0 %, 0 MiB, 23028 MiB
2026/02/24 20:19:14.067, 2, NVIDIA A10G, 0 %, 0 %, 0 MiB, 23028 MiB
2026/02/24 20:19:14.068, 3, NVIDIA A10G, 0 %, 0 %, 0 MiB, 23028 MiB
2026/02/24 20:19:15.068, 0, NVIDIA A10G, 22 %, 7 %, 2047 MiB, 23028 MiB
2026/02/24 20:19:15.068, 1, NVIDIA A10G, 0 %, 0 %, 0 MiB, 23028 MiB
2026/02/24 20:19:15.068, 2, NVIDIA A10G, 0 %, 0 %, 0 MiB, 23028 MiB
2026/02/24 20:19:15.068, 3, NVIDIA A10G, 0 %, 0 %, 0 MiB, 23028 MiB
2026/02/24 20:19:16.068, 0, NVIDIA A10G, 21 %, 7 %, 2047 MiB, 23028 MiB
2026/02/24 20:19:16.068, 1, NVIDIA A10G, 0 %, 0 %, 0 MiB, 23028 MiB
2026/02/24 20:19:16.068, 2, NVIDIA A10G, 0 %, 0 %, 0 MiB, 23028 MiB
2026/02/24 20:19:16.068, 3, NVIDIA A10G, 0 %, 0 %, 0 MiB, 23028 MiB
2026/02/24 20:19:17.069, 0, NVIDIA A10G, 0 %, 0 %, 2047 MiB, 23028 MiB
2026/02/24 20:19:17.070, 1, NVIDIA A10G, 0 %, 0 %, 0 MiB, 23028 MiB
2026/02/24 20:19:17.070, 2, NVIDIA A10G, 0 %, 0 %, 0 MiB, 23028 MiB
2026/02/24 20:19:17.070, 3, NVIDIA A10G, 0 %, 0 %, 0 MiB, 23028 MiB
2026/02/24 20:19:18.070, 0, NVIDIA A10G, 0 %, 0 %, 2047 MiB, 23028 MiB
2026/02/24 20:19:18.070, 1, NVIDIA A10G, 0 %, 0 %, 0 MiB, 23028 MiB
2026/02/24 20:19:18.071, 2, NVIDIA A10G, 0 %, 0 %, 0 MiB, 23028 MiB
2026/02/24 20:19:18.071, 3, NVIDIA A10G, 0 %, 0 %, 0 MiB, 23028 MiB
