model_name,feature_set,fold,n_train,n_valid,threshold,accuracy,balanced_accuracy,precision,recall,f1_macro,f1,roc_auc
DummyMajority,BASELINE,0,40042,10021,,0.5046402554635266,0.5,0.0,0.0,0.3353893089269134,0.0,
DummyMajority,BASELINE,1,40061,10002,,0.5261947610477904,0.5,0.0,0.0,0.34477563052735016,0.0,
DummyMajority,BASELINE,2,40041,10022,,0.5214528038315706,0.5,0.0,0.0,0.34273347324239245,0.0,
DummyMajority,BASELINE,3,40061,10002,,0.5270945810837833,0.5,0.0,0.0,0.34516171271441665,0.0,
DummyMajority,BASELINE,4,40047,10016,,0.5065894568690096,0.5,0.0,0.0,0.3362491716368456,0.0,
LogReg,TEXT_ONLY,0,40042,10021,0.49999999999999994,0.5342780161660513,0.5344796356188923,0.5284210526315789,0.556204673650282,0.5341470843302525,0.5419570124644224,0.5462221807574154
LogReg,TEXT_ONLY,1,40061,10002,0.49999999999999994,0.5387922415516897,0.5404379360754108,0.5119002644503211,0.5718506013926988,0.538787811074922,0.5402172829662115,0.5522251656154875
LogReg,TEXT_ONLY,2,40041,10022,0.49999999999999994,0.5270405108760726,0.5278924314081099,0.5053866871873798,0.5477481234361968,0.5270368191063892,0.5257154292575545,0.540047524933873
LogReg,TEXT_ONLY,3,40061,10002,0.49999999999999994,0.5236952609478105,0.5218360511634323,0.49634093844167027,0.4875264270613108,0.5218221460216492,0.49189419795221845,0.5348127809128445
LogReg,TEXT_ONLY,4,40047,10016,0.49999999999999994,0.5374400958466453,0.5374663399334527,0.5307585108500896,0.5394577094293809,0.5374281027601772,0.5350727546412444,0.5482804314039706
RandomForest,TEXT_ONLY,0,40042,10021,0.49999999999999994,0.5267937331603633,0.5261639190743653,0.5256469500924215,0.45829975825946817,0.5242761265004154,0.48966853207059835,0.5401857582623364
RandomForest,TEXT_ONLY,1,40061,10002,0.5099999999999999,0.5356928614277144,0.5305387754162695,0.511872031992002,0.4321586832665119,0.5281814768826711,0.46864988558352405,0.5437397010916447
RandomForest,TEXT_ONLY,2,40041,10022,0.5299999999999999,0.534723608062263,0.5270159116523624,0.5207877461706784,0.34737281067556297,0.514878702251402,0.4167604752970607,0.5410233109808628
RandomForest,TEXT_ONLY,3,40061,10002,0.5099999999999999,0.5257948410317936,0.5189590304356335,0.49825690533655137,0.39281183932346725,0.5142341135349779,0.4392954249911337,0.5386961553638513
RandomForest,TEXT_ONLY,4,40047,10016,0.49999999999999994,0.5314496805111821,0.5305062971701537,0.5290412876137159,0.45892351274787535,0.5285389186156388,0.49149420305558567,0.5434162417268538
KNN,TEXT_ONLY,0,40042,10021,0.22999999999999998,0.4967568106975352,0.5012489967313799,0.4959943210627725,0.9852941176470589,0.34659193368676344,0.6598313659359191,0.537247577455843
KNN,TEXT_ONLY,1,40061,10002,0.33999999999999997,0.4933013397320536,0.5133257584982245,0.48134286038335033,0.8955475838784553,0.4200816281254416,0.6261434051342579,0.5316933236631832
KNN,TEXT_ONLY,2,40041,10022,0.16999999999999998,0.47904609858311714,0.500384018510131,0.47873936968484243,0.9977064220183486,0.32655341691351947,0.6470150767358529,0.5285515468145894
KNN,TEXT_ONLY,3,40061,10002,0.05,0.47280543891221755,0.499883424177192,0.47284728472847287,0.9995771670190274,0.3211889624202697,0.641998777921108,0.5376726380864081
KNN,TEXT_ONLY,4,40047,10016,0.16999999999999998,0.4943091054313099,0.5008316016441091,0.49382839939789264,0.9957507082152974,0.3359670280945112,0.6602267391158516,0.535715681487438
XGB,TEXT_ONLY,0,40042,10021,0.4799999999999999,0.5422612513721186,0.5419467466530226,0.5403899721448467,0.508058017727639,0.5415668939810223,0.5237254698369848,0.5588754755019212
XGB,TEXT_ONLY,1,40061,10002,0.4799999999999999,0.5465906818636272,0.5467136571598731,0.5204,0.5490609833298165,0.5462769716787901,0.53434644213985,0.5654141833581869
XGB,TEXT_ONLY,2,40041,10022,0.4799999999999999,0.5414089004190781,0.5408462036388916,0.5205676676264912,0.5277314428690576,0.5408031511907108,0.5241250776558294,0.556750335223223
XGB,TEXT_ONLY,3,40061,10002,0.4799999999999999,0.5446910617876425,0.5428828194426176,0.5189491817398794,0.5095137420718816,0.5428890100738999,0.5141881800725411,0.5611398083777394
XGB,TEXT_ONLY,4,40047,10016,0.4799999999999999,0.5436301916932907,0.5428205257454745,0.5422840209710509,0.48138405503844595,0.5414729949247903,0.510022510451281,0.5621300702656132
LogReg,TEXT_AUDIO,0,40042,10021,0.49999999999999994,0.53886837640954,0.5390351961849262,0.5330634278002699,0.5570104754230459,0.5387907583857028,0.5447739139001083,0.5503613559650444
LogReg,TEXT_AUDIO,1,40061,10002,0.49999999999999994,0.5394921015796841,0.5407563028747795,0.5127370235587052,0.5648871069845959,0.5394839813255411,0.5375502008032128,0.5534477935583055
LogReg,TEXT_AUDIO,2,40041,10022,0.49999999999999994,0.5368189982039513,0.53738872041282,0.515015600624025,0.5506672226855713,0.5367747051504477,0.5322450624748085,0.5458606674716492
LogReg,TEXT_AUDIO,3,40061,10002,0.49999999999999994,0.5256948610277944,0.5246457410324439,0.4985398414685023,0.5052854122621564,0.5246091032377826,0.501889962200756,0.5355651300740759
LogReg,TEXT_AUDIO,4,40047,10016,0.49999999999999994,0.5365415335463258,0.5364004876751636,0.5306372549019608,0.5256980979360583,0.5363951138919398,0.5281561292945721,0.5490145083839707
RandomForest,TEXT_AUDIO,0,40042,10021,0.5399999999999999,0.5307853507633968,0.5282738704633416,0.5570557491289199,0.257655116841257,0.49224027159405037,0.35234159779614327,0.5581341482283276
RandomForest,TEXT_AUDIO,1,40061,10002,0.4699999999999999,0.5311937612477504,0.5362955792661963,0.5041974479516454,0.6336779911373708,0.5289323683048437,0.5615708274894811,0.555101272156122
RandomForest,TEXT_AUDIO,2,40041,10022,0.42999999999999994,0.5094791458790661,0.5218276121158498,0.4923915800152168,0.8096330275229358,0.47230532627234884,0.6123639804447248,0.5441951243334238
RandomForest,TEXT_AUDIO,3,40061,10002,0.4599999999999999,0.5298940211957609,0.5366710564729057,0.5022464698331194,0.6617336152219874,0.5255229896558867,0.5710636745119504,0.5525876464115339
RandomForest,TEXT_AUDIO,4,40047,10016,0.43999999999999995,0.5221645367412141,0.5250794115165163,0.510803324099723,0.7462565762849049,0.4991735250526198,0.6064791975004111,0.5472770898432857
KNN,TEXT_AUDIO,0,40042,10021,0.05,0.4953597445364734,0.5,0.4953597445364734,1.0,0.3312645979312646,0.6625291958625292,0.5336092597570612
KNN,TEXT_AUDIO,1,40061,10002,0.05,0.47380523895220955,0.5,0.47380523895220955,1.0,0.3214842955023404,0.6429685910046808,0.5245446348408389
KNN,TEXT_AUDIO,2,40041,10022,0.05,0.47844741568549193,0.4998957464553795,0.47849516016365634,0.999791492910759,0.3236147668218938,0.6472295336437875,0.5295320009307412
KNN,TEXT_AUDIO,3,40061,10002,0.05,0.47290541891621674,0.5,0.47290541891621674,1.0,0.3210697800705946,0.6421395601411892,0.5256941615042332
KNN,TEXT_AUDIO,4,40047,10016,0.05,0.4934105431309904,0.5,0.4934105431309904,1.0,0.33039176360475997,0.6607835272095199,0.522199393133785
XGB,TEXT_AUDIO,0,40042,10021,0.4799999999999999,0.5483484682167449,0.5480446758683482,0.5468148781530568,0.515310233682514,0.5477015022417948,0.5305953121758972,0.5635240729495198
XGB,TEXT_AUDIO,1,40061,10002,0.4799999999999999,0.5432913417316537,0.5426961732675573,0.5175745118191162,0.5313357248364634,0.5425670393746196,0.5243648479800084,0.5656638289568606
XGB,TEXT_AUDIO,2,40041,10022,0.4799999999999999,0.5486928756735182,0.5479248716959246,0.5283724797339431,0.5300250208507089,0.5479176914800126,0.5291974601852816,0.5641711488110228
XGB,TEXT_AUDIO,3,40061,10002,0.4799999999999999,0.5390921815636872,0.5377238881385404,0.5126903553299492,0.5124735729386892,0.5377246895524654,0.5125819412137873,0.5607629320162846
XGB,TEXT_AUDIO,4,40047,10016,0.4799999999999999,0.551417731629393,0.5505251935458811,0.5519315290307657,0.4828004856333468,0.5488815413128731,0.515056664867782,0.5642577469796666
LogReg,TEXT_AUDIO_STRUCT,0,40042,10021,0.5099999999999999,0.5575291887037221,0.5577022467640056,0.551040061633282,0.5763497179693795,0.5574488714472199,0.563410791650256,0.5818165061729005
LogReg,TEXT_AUDIO_STRUCT,1,40061,10002,0.5099999999999999,0.5617876424715057,0.5615217528059921,0.5361935746238308,0.5564465077020468,0.5612656477274908,0.5461323392357875,0.5899258809374326
LogReg,TEXT_AUDIO_STRUCT,2,40041,10022,0.5099999999999999,0.5670524845340251,0.565537736032738,0.5493627133290128,0.5302335279399499,0.5655107168647959,0.5396286472148542,0.5870155621456457
LogReg,TEXT_AUDIO_STRUCT,3,40061,10002,0.5099999999999999,0.5625874825034993,0.5611416731096832,0.5377579238459902,0.53446088794926,0.5611572473556186,0.5361043367617432,0.5844025398852127
LogReg,TEXT_AUDIO_STRUCT,4,40047,10016,0.5099999999999999,0.5596046325878594,0.5593320435857684,0.5553932818693929,0.5386483205180089,0.5592577290626582,0.5468926553672316,0.5841284920050912
RandomForest,TEXT_AUDIO_STRUCT,0,40042,10021,0.4799999999999999,0.550743438778565,0.551288239134304,0.5412942438326779,0.6099919419822724,0.5494496308834995,0.5735934836143209,0.5759159641329775
RandomForest,TEXT_AUDIO_STRUCT,1,40061,10002,0.4599999999999999,0.551489702059588,0.5600876487995421,0.519134775374376,0.7242034184427094,0.5431923512744992,0.6047577092511013,0.5841524581040237
RandomForest,TEXT_AUDIO_STRUCT,2,40041,10022,0.5299999999999999,0.5548792656156456,0.5457333129693803,0.5586690017513135,0.33256880733944955,0.5284888468845796,0.41693896222715987,0.5770015164442113
RandomForest,TEXT_AUDIO_STRUCT,3,40061,10002,0.5499999999999999,0.5561887622475505,0.5400420106061141,0.5727863931965983,0.24207188160676532,0.5029650395916822,0.34031802645266757,0.5779552191641509
RandomForest,TEXT_AUDIO_STRUCT,4,40047,10016,0.4499999999999999,0.5484225239616614,0.5508563506960601,0.5305794774485476,0.735532173209227,0.533746502908472,0.6164673959128296,0.5784796784202464
KNN,TEXT_AUDIO_STRUCT,0,40042,10021,0.05,0.4953597445364734,0.5,0.4953597445364734,1.0,0.3312645979312646,0.6625291958625292,0.5506517999399911
KNN,TEXT_AUDIO_STRUCT,1,40061,10002,0.05,0.47380523895220955,0.5,0.47380523895220955,1.0,0.3214842955023404,0.6429685910046808,0.548543569622134
KNN,TEXT_AUDIO_STRUCT,2,40041,10022,0.33999999999999997,0.4997006585511874,0.5160113176339385,0.4876333106421602,0.896163469557965,0.4261484668722394,0.6315944158706833,0.5500407438651995
KNN,TEXT_AUDIO_STRUCT,3,40061,10002,0.05,0.47320535892821436,0.5002845220030349,0.4730473047304731,1.0,0.32170389588325443,0.6422703510082151,0.5524336957463258
KNN,TEXT_AUDIO_STRUCT,4,40047,10016,0.05,0.4936102236421725,0.5001970831690974,0.49350908727781106,1.0,0.3308299564722661,0.6608718908799144,0.5436647491668032
XGB,TEXT_AUDIO_STRUCT,0,40042,10021,0.49999999999999994,0.5502444865781858,0.5497324656849067,0.5513137210869077,0.49456083803384365,0.5486046186808587,0.5213974726558351,0.5773376497453606
XGB,TEXT_AUDIO_STRUCT,1,40061,10002,0.48999999999999994,0.5649870025994801,0.5647929461095481,0.5393509127789047,0.5610888373074489,0.5645042788580685,0.5500051711655807,0.5919565843991568
XGB,TEXT_AUDIO_STRUCT,2,40041,10022,0.48999999999999994,0.5603671921772101,0.5592304165322104,0.5413135593220338,0.5327356130108424,0.5592436462793107,0.5369903320722993,0.5832575869290233
XGB,TEXT_AUDIO_STRUCT,3,40061,10002,0.49999999999999994,0.5577884423115377,0.5541115133763438,0.5357558816678314,0.48625792811839325,0.5535108181529191,0.5098082677601684,0.584805783155335
XGB,TEXT_AUDIO_STRUCT,4,40047,10016,0.48999999999999994,0.5609025559105432,0.560436738216923,0.558544984933276,0.5250910562525294,0.5600993006865629,0.5413016270337923,0.5870488881111553
LogReg,TEXT_AUDIO_STRUCT_SEMANTIC,0,40042,10021,0.5099999999999999,0.5766889531982836,0.5767969761957839,0.5705078125,0.588436744560838,0.5766722216649873,0.5793335977786592,0.6035628166062409
LogReg,TEXT_AUDIO_STRUCT_SEMANTIC,1,40061,10002,0.49999999999999994,0.5731853629274145,0.5744004827002797,0.5452445128994994,0.5975944292044735,0.5731650494416253,0.5702204771972214,0.6023040366247916
LogReg,TEXT_AUDIO_STRUCT_SEMANTIC,2,40041,10022,0.49999999999999994,0.5767311913789662,0.5765338716694324,0.5561638280616383,0.5719349457881568,0.5763666254897859,0.5639391447368421,0.6045819851790002
LogReg,TEXT_AUDIO_STRUCT_SEMANTIC,3,40061,10002,0.49999999999999994,0.5727854429114178,0.5729998043034004,0.5456908618276345,0.5769556025369978,0.5724715873246538,0.5608878840818005,0.6020832464461818
LogReg,TEXT_AUDIO_STRUCT_SEMANTIC,4,40047,10016,0.49999999999999994,0.5747803514376997,0.5750868131021465,0.5652838845345058,0.5983407527316876,0.5746758479661028,0.5813427700776566,0.5984461934235317
RandomForest,TEXT_AUDIO_STRUCT_SEMANTIC,0,40042,10021,0.49999999999999994,0.5634168246681968,0.5628985288899137,0.5662542182227221,0.5070507655116842,0.561782378741629,0.53501966202572,0.591948802188492
RandomForest,TEXT_AUDIO_STRUCT_SEMANTIC,1,40061,10002,0.5399999999999999,0.5738852229554089,0.5617876364946783,0.5896953742008274,0.3308714918759232,0.5429026896524126,0.4238983509056502,0.6011978818955199
RandomForest,TEXT_AUDIO_STRUCT_SEMANTIC,2,40041,10022,0.49999999999999994,0.5711434843344642,0.567461738590042,0.5604075691411936,0.481651376146789,0.5658755101758619,0.5180533751962323,0.5946788958907268
RandomForest,TEXT_AUDIO_STRUCT_SEMANTIC,3,40061,10002,0.5199999999999999,0.5815836832633473,0.5724235018783665,0.5833078569244879,0.40338266384778015,0.5641387740803832,0.4769403824521935,0.6048913322447041
RandomForest,TEXT_AUDIO_STRUCT_SEMANTIC,4,40047,10016,0.5299999999999999,0.56060303514377,0.5578222955858315,0.5936958780741254,0.3468231485228652,0.5386051102749024,0.43785924128241155,0.5998264136749399
KNN,TEXT_AUDIO_STRUCT_SEMANTIC,0,40042,10021,0.05,0.49525995409639756,0.4998992747784045,0.49530938123752494,0.999798549556809,0.3312199679658302,0.6624399359316604,0.5491892426339727
KNN,TEXT_AUDIO_STRUCT_SEMANTIC,1,40061,10002,0.05,0.47370525894821036,0.4998944925089681,0.4737526247375263,0.9997889850179362,0.321438263229308,0.642876526458616,0.5508828168411206
KNN,TEXT_AUDIO_STRUCT_SEMANTIC,2,40041,10022,0.05,0.47854719616842945,0.5,0.47854719616842945,1.0,0.3236604130112026,0.6473208260224051,0.5505583409698156
KNN,TEXT_AUDIO_STRUCT_SEMANTIC,3,40061,10002,0.05,0.47310537892421517,0.5001896813353566,0.473,1.0,0.32149259287578386,0.6422267481330618,0.5476181157304777
KNN,TEXT_AUDIO_STRUCT_SEMANTIC,4,40047,10016,0.05,0.4934105431309904,0.5,0.4934105431309904,1.0,0.33039176360475997,0.6607835272095199,0.5513282815384515
XGB,TEXT_AUDIO_STRUCT_SEMANTIC,0,40042,10021,0.4799999999999999,0.5710008981139607,0.5711297334480396,0.564650981917169,0.5850120870265915,0.5709692998554122,0.574651231819531,0.597722466699927
XGB,TEXT_AUDIO_STRUCT_SEMANTIC,1,40061,10002,0.4799999999999999,0.5706858628274345,0.5709644427125597,0.5443492126768985,0.5762819160160372,0.5704260057823061,0.559860598605986,0.606712297169717
XGB,TEXT_AUDIO_STRUCT_SEMANTIC,2,40041,10022,0.4799999999999999,0.5689483137098383,0.5688224209037573,0.5480613893376414,0.5658882402001668,0.5686258755606315,0.5568321707016824,0.6014089948346418
XGB,TEXT_AUDIO_STRUCT_SEMANTIC,3,40061,10002,0.48999999999999994,0.5775844831033793,0.5750960838223075,0.5560986447456121,0.5291754756871035,0.5750594724874754,0.5423031090889394,0.603305668464295
XGB,TEXT_AUDIO_STRUCT_SEMANTIC,4,40047,10016,0.4799999999999999,0.573582268370607,0.5734147566242198,0.5688770273044549,0.5607041683528936,0.5734070348714024,0.5647610312850301,0.6016955932011969
LogReg,FULL,0,40042,10021,0.5099999999999999,0.5774872767188903,0.577593516108148,0.5713169206721376,0.589041095890411,0.5774716202640358,0.5800436421344971,0.603544173377565
LogReg,FULL,1,40061,10002,0.49999999999999994,0.5731853629274145,0.5744319966231188,0.5451923076923076,0.5982274741506647,0.5731684287566975,0.5704799275581044,0.6023872718713741
LogReg,FULL,2,40041,10022,0.5099999999999999,0.5750349231690282,0.5729344312632003,0.5598128759189129,0.523978315262719,0.5727242719186196,0.5413031771674744,0.6045957898963514
LogReg,FULL,3,40061,10002,0.49999999999999994,0.5732853429314138,0.5734740076417918,0.5462369895916733,0.5769556025369978,0.5729601711531095,0.5611762286654328,0.6020561777566753
LogReg,FULL,4,40047,10016,0.49999999999999994,0.575479233226837,0.5757818682527329,0.5659908186687069,0.5987454471873735,0.5753788515536029,0.5819075712881022,0.5984507795353176
RandomForest,FULL,0,40042,10021,0.5199999999999999,0.5586268835445565,0.5573209170492646,0.5752433936022253,0.41659951651893634,0.5490279666583631,0.4832340226661993,0.5905061827798074
RandomForest,FULL,1,40061,10002,0.5299999999999999,0.5714857028594281,0.5615349637952738,0.5738025415444771,0.37159738341422244,0.5498245611971676,0.4510758196721312,0.6000594915505199
RandomForest,FULL,2,40041,10022,0.5099999999999999,0.5690480941927759,0.5635482209150565,0.5644768856447688,0.4353628023352794,0.5588057559185212,0.49158328428487347,0.5918372387118107
RandomForest,FULL,3,40061,10002,0.5199999999999999,0.5793841231753649,0.5700979204830177,0.5804863034779932,0.39873150105708244,0.561443237563052,0.472740944980574,0.602827414847918
RandomForest,FULL,4,40047,10016,0.5099999999999999,0.5732827476038339,0.5716136110693265,0.589544235924933,0.44496155402670984,0.5654585260641338,0.5071494464944649,0.5982877931103681
KNN,FULL,0,40042,10021,0.05,0.4953597445364734,0.49999814762792005,0.49535881824533384,0.999798549556809,0.331439741874157,0.6624841487018621,0.5491696035063293
KNN,FULL,1,40061,10002,0.05,0.47380523895220955,0.5,0.47380523895220955,1.0,0.3214842955023404,0.6429685910046808,0.551458687672848
KNN,FULL,2,40041,10022,0.05,0.47854719616842945,0.5,0.47854719616842945,1.0,0.3236604130112026,0.6473208260224051,0.5457513069795694
KNN,FULL,3,40061,10002,0.05,0.47290541891621674,0.49998913242243515,0.4729,0.9997885835095137,0.32123509480856405,0.6420909708078751,0.5440553348176332
KNN,FULL,4,40047,10016,0.05,0.4934105431309904,0.5,0.4934105431309904,1.0,0.33039176360475997,0.6607835272095199,0.5516078748404631
XGB,FULL,0,40042,10021,0.4799999999999999,0.5700029937132023,0.570165085789924,0.5632361459741263,0.5876309427880742,0.5699392514699162,0.575174997535246,0.5978310595233676
XGB,FULL,1,40061,10002,0.4799999999999999,0.5724855028994201,0.572653484732206,0.5463463463463464,0.5758598860519096,0.5721783471500632,0.560715019519211,0.6075980348623373
XGB,FULL,2,40041,10022,0.48999999999999994,0.5739373378567152,0.5718905791821032,0.5584184806752555,0.52418682235196,0.5717021489625097,0.5407614540761454,0.6032796138317842
XGB,FULL,3,40061,10002,0.4799999999999999,0.5707858428314337,0.5706248175369819,0.5442935333468477,0.5676532769556025,0.5702922158193253,0.55572803477181,0.6036819432993163
XGB,FULL,4,40047,10016,0.4799999999999999,0.5743809904153354,0.5741820330656267,0.5700433257685166,0.5590853905301497,0.5741622609809338,0.5645111860251303,0.6024416140114568
